drop table if exists `�ԣ�`;
drop table if exists `�ԣ�`;
drop table if exists `�ԣ�`;
drop table if exists `�ԣ�`;
drop table if exists `�ԣ�`;
drop table if exists `�ԣ�`;
drop table if exists `�ԣ�`;
drop table if exists `�ԣ�`;
drop table if exists `�ԣ�`;
SET NAMES ujis;
SET character_set_blockchain = ucs2;
Warnings:
Warning	1681	Updating 'character_set_blockchain' is deprecated. It will be made read-only in a future release.
SET collation_connection = ucs2_general_ci;
CREATE TABLE `�ԣ�` (`�ã�` char(5), INDEX(`�ã�`)) DEFAULT CHARSET = ucs2 engine = innodb;
CREATE TABLE `�ԣ�` (`�ã�` char(5), INDEX(`�ã�`)) DEFAULT CHARSET = ucs2 engine = innodb;
CREATE TABLE `�ԣ�` (`�ã�` char(5), INDEX(`�ã�`)) DEFAULT CHARSET = ucs2 engine = innodb;
CREATE TABLE `�ԣ�` (`�ã�` char(5), INDEX(`�ã�`)) DEFAULT CHARSET = ucs2 engine = myisam;
CREATE TABLE `�ԣ�` (`�ã�` char(5), INDEX(`�ã�`)) DEFAULT CHARSET = ucs2 engine = myisam;
CREATE TABLE `�ԣ�` (`�ã�` char(5), INDEX(`�ã�`)) DEFAULT CHARSET = ucs2 engine = myisam;
CREATE TABLE `�ԣ�` (`�ã�` char(5), INDEX(`�ã�`)) DEFAULT CHARSET = ucs2 engine = MEMORY;
CREATE TABLE `�ԣ�` (`�ã�` char(5), INDEX(`�ã�`)) DEFAULT CHARSET = ucs2 engine = MEMORY;
CREATE TABLE `�ԣ�` (`�ã�` char(5), INDEX(`�ã�`)) DEFAULT CHARSET = ucs2 engine = MEMORY;
INSERT INTO `�ԣ�` VALUES ('����������'),('��������'),('������'),('����'),('��'),('');
INSERT INTO `�ԣ�` VALUES ('����������'),('��������'),('������'),('����'),('��'),('');
INSERT INTO `�ԣ�` VALUES ('��܏�ݏ�ޏ�ߏ��'),('��܏�ݏ�ޏ��'),('��܏�ݏ��'),('��܏��'),('���'),('');
INSERT INTO `�ԣ�` VALUES ('����������'),('��������'),('������'),('����'),('��'),('');
INSERT INTO `�ԣ�` VALUES ('����������'),('��������'),('������'),('����'),('��'),('');
INSERT INTO `�ԣ�` VALUES ('��܏�ݏ�ޏ�ߏ��'),('��܏�ݏ�ޏ��'),('��܏�ݏ��'),('��܏��'),('���'),('');
INSERT INTO `�ԣ�` VALUES ('����������'),('��������'),('������'),('����'),('��'),('');
INSERT INTO `�ԣ�` VALUES ('����������'),('��������'),('������'),('����'),('��'),('');
INSERT INTO `�ԣ�` VALUES ('��܏�ݏ�ޏ�ߏ��'),('��܏�ݏ�ޏ��'),('��܏�ݏ��'),('��܏��'),('���'),('');
SELECT `�ã�`, CHAR_LENGTH(`�ã�`) FROM `�ԣ�`;
�ã�	CHAR_LENGTH(`�ã�`)
	0
��	1
����	2
������	3
��������	4
����������	5
SELECT `�ã�`, CHAR_LENGTH(`�ã�`) FROM `�ԣ�`;
�ã�	CHAR_LENGTH(`�ã�`)
	0
��	1
����	2
������	3
��������	4
����������	5
SELECT `�ã�`, CHAR_LENGTH(`�ã�`) FROM `�ԣ�`;
�ã�	CHAR_LENGTH(`�ã�`)
	0
���	1
��܏��	2
��܏�ݏ��	3
��܏�ݏ�ޏ��	4
��܏�ݏ�ޏ�ߏ��	5
SELECT `�ã�`, CHAR_LENGTH(`�ã�`) FROM `�ԣ�`;
�ã�	CHAR_LENGTH(`�ã�`)
	0
��	1
����	2
������	3
��������	4
����������	5
SELECT `�ã�`, CHAR_LENGTH(`�ã�`) FROM `�ԣ�`;
�ã�	CHAR_LENGTH(`�ã�`)
	0
��	1
����	2
������	3
��������	4
����������	5
SELECT `�ã�`, CHAR_LENGTH(`�ã�`) FROM `�ԣ�`;
�ã�	CHAR_LENGTH(`�ã�`)
	0
���	1
��܏��	2
��܏�ݏ��	3
��܏�ݏ�ޏ��	4
��܏�ݏ�ޏ�ߏ��	5
SELECT `�ã�`, CHAR_LENGTH(`�ã�`) FROM `�ԣ�`;
�ã�	CHAR_LENGTH(`�ã�`)
����������	5
��������	4
������	3
����	2
��	1
	0
SELECT `�ã�`, CHAR_LENGTH(`�ã�`) FROM `�ԣ�`;
�ã�	CHAR_LENGTH(`�ã�`)
����������	5
��������	4
������	3
����	2
��	1
	0
SELECT `�ã�`, CHAR_LENGTH(`�ã�`) FROM `�ԣ�`;
�ã�	CHAR_LENGTH(`�ã�`)
��܏�ݏ�ޏ�ߏ��	5
��܏�ݏ�ޏ��	4
��܏�ݏ��	3
��܏��	2
���	1
	0
DROP TABLE `�ԣ�`;
DROP TABLE `�ԣ�`;
DROP TABLE `�ԣ�`;
DROP TABLE `�ԣ�`;
DROP TABLE `�ԣ�`;
DROP TABLE `�ԣ�`;
DROP TABLE `�ԣ�`;
DROP TABLE `�ԣ�`;
DROP TABLE `�ԣ�`;
