drop table if exists `�ԣ�`;
drop table if exists `�ԣ�`;
drop table if exists `�ԣ�`;
drop table if exists `�ԣ�`;
drop table if exists `�ԣ�`;
drop table if exists `�ԣ�`;
drop table if exists `�ԣ�`;
drop table if exists `�ԣ�`;
drop table if exists `�ԣ�`;
SET NAMES ujis;
SET character_set_blockchain = ujis;
Warnings:
Warning	1681	Updating 'character_set_blockchain' is deprecated. It will be made read-only in a future release.
CREATE TABLE `�ԣ�` (`�ã�` char(5), INDEX(`�ã�`)) DEFAULT CHARSET = ujis engine = innodb;
CREATE TABLE `�ԣ�` (`�ã�` char(5), INDEX(`�ã�`)) DEFAULT CHARSET = ujis engine = innodb;
CREATE TABLE `�ԣ�` (`�ã�` char(5), INDEX(`�ã�`)) DEFAULT CHARSET = ujis engine = innodb;
CREATE TABLE `�ԣ�` (`�ã�` char(5), INDEX(`�ã�`)) DEFAULT CHARSET = ujis engine = myisam;
CREATE TABLE `�ԣ�` (`�ã�` char(5), INDEX(`�ã�`)) DEFAULT CHARSET = ujis engine = myisam;
CREATE TABLE `�ԣ�` (`�ã�` char(5), INDEX(`�ã�`)) DEFAULT CHARSET = ujis engine = myisam;
CREATE TABLE `�ԣ�` (`�ã�` char(5), INDEX(`�ã�`)) DEFAULT CHARSET = ujis engine = MEMORY;
CREATE TABLE `�ԣ�` (`�ã�` char(5), INDEX(`�ã�`)) DEFAULT CHARSET = ujis engine = MEMORY;
CREATE TABLE `�ԣ�` (`�ã�` char(5), INDEX(`�ã�`)) DEFAULT CHARSET = ujis engine = MEMORY;
INSERT INTO `�ԣ�` VALUES ('����������');
INSERT INTO `�ԣ�` VALUES ('����������');
INSERT INTO `�ԣ�` VALUES ('��܏�ݏ�ޏ�ߏ��');
INSERT INTO `�ԣ�` VALUES ('����������');
INSERT INTO `�ԣ�` VALUES ('����������');
INSERT INTO `�ԣ�` VALUES ('��܏�ݏ�ޏ�ߏ��');
INSERT INTO `�ԣ�` VALUES ('����������');
INSERT INTO `�ԣ�` VALUES ('����������');
INSERT INTO `�ԣ�` VALUES ('��܏�ݏ�ޏ�ߏ��');
SELECT INSTR(`�ã�`,'��') from `�ԣ�`;
INSTR(`�ã�`,'��')
1
SELECT INSTR(`�ã�`,'��') from `�ԣ�`;
INSTR(`�ã�`,'��')
2
SELECT INSTR(`�ã�`,'��') from `�ԣ�`;
INSTR(`�ã�`,'��')
3
SELECT INSTR(`�ã�`,'��') from `�ԣ�`;
INSTR(`�ã�`,'��')
4
SELECT INSTR(`�ã�`,'��') from `�ԣ�`;
INSTR(`�ã�`,'��')
5
SELECT INSTR(`�ã�`,'��') from `�ԣ�`;
INSTR(`�ã�`,'��')
0
SELECT INSTR(`�ã�`,'��') from `�ԣ�`;
INSTR(`�ã�`,'��')
1
SELECT INSTR(`�ã�`,'��') from `�ԣ�`;
INSTR(`�ã�`,'��')
2
SELECT INSTR(`�ã�`,'��') from `�ԣ�`;
INSTR(`�ã�`,'��')
3
SELECT INSTR(`�ã�`,'��') from `�ԣ�`;
INSTR(`�ã�`,'��')
4
SELECT INSTR(`�ã�`,'��') from `�ԣ�`;
INSTR(`�ã�`,'��')
5
SELECT INSTR(`�ã�`,'��') from `�ԣ�`;
INSTR(`�ã�`,'��')
0
SELECT INSTR(`�ã�`,'���') from `�ԣ�`;
INSTR(`�ã�`,'���')
1
SELECT INSTR(`�ã�`,'���') from `�ԣ�`;
INSTR(`�ã�`,'���')
2
SELECT INSTR(`�ã�`,'���') from `�ԣ�`;
INSTR(`�ã�`,'���')
3
SELECT INSTR(`�ã�`,'���') from `�ԣ�`;
INSTR(`�ã�`,'���')
4
SELECT INSTR(`�ã�`,'���') from `�ԣ�`;
INSTR(`�ã�`,'���')
5
SELECT INSTR(`�ã�`,'���') from `�ԣ�`;
INSTR(`�ã�`,'���')
0
SELECT INSTR(`�ã�`,'��') from `�ԣ�`;
INSTR(`�ã�`,'��')
1
SELECT INSTR(`�ã�`,'��') from `�ԣ�`;
INSTR(`�ã�`,'��')
2
SELECT INSTR(`�ã�`,'��') from `�ԣ�`;
INSTR(`�ã�`,'��')
3
SELECT INSTR(`�ã�`,'��') from `�ԣ�`;
INSTR(`�ã�`,'��')
4
SELECT INSTR(`�ã�`,'��') from `�ԣ�`;
INSTR(`�ã�`,'��')
5
SELECT INSTR(`�ã�`,'��') from `�ԣ�`;
INSTR(`�ã�`,'��')
0
SELECT INSTR(`�ã�`,'��') from `�ԣ�`;
INSTR(`�ã�`,'��')
1
SELECT INSTR(`�ã�`,'��') from `�ԣ�`;
INSTR(`�ã�`,'��')
2
SELECT INSTR(`�ã�`,'��') from `�ԣ�`;
INSTR(`�ã�`,'��')
3
SELECT INSTR(`�ã�`,'��') from `�ԣ�`;
INSTR(`�ã�`,'��')
4
SELECT INSTR(`�ã�`,'��') from `�ԣ�`;
INSTR(`�ã�`,'��')
5
SELECT INSTR(`�ã�`,'��') from `�ԣ�`;
INSTR(`�ã�`,'��')
0
SELECT INSTR(`�ã�`,'���') from `�ԣ�`;
INSTR(`�ã�`,'���')
1
SELECT INSTR(`�ã�`,'���') from `�ԣ�`;
INSTR(`�ã�`,'���')
2
SELECT INSTR(`�ã�`,'���') from `�ԣ�`;
INSTR(`�ã�`,'���')
3
SELECT INSTR(`�ã�`,'���') from `�ԣ�`;
INSTR(`�ã�`,'���')
4
SELECT INSTR(`�ã�`,'���') from `�ԣ�`;
INSTR(`�ã�`,'���')
5
SELECT INSTR(`�ã�`,'���') from `�ԣ�`;
INSTR(`�ã�`,'���')
0
SELECT INSTR(`�ã�`,'��') from `�ԣ�`;
INSTR(`�ã�`,'��')
1
SELECT INSTR(`�ã�`,'��') from `�ԣ�`;
INSTR(`�ã�`,'��')
2
SELECT INSTR(`�ã�`,'��') from `�ԣ�`;
INSTR(`�ã�`,'��')
3
SELECT INSTR(`�ã�`,'��') from `�ԣ�`;
INSTR(`�ã�`,'��')
4
SELECT INSTR(`�ã�`,'��') from `�ԣ�`;
INSTR(`�ã�`,'��')
5
SELECT INSTR(`�ã�`,'��') from `�ԣ�`;
INSTR(`�ã�`,'��')
0
SELECT INSTR(`�ã�`,'��') from `�ԣ�`;
INSTR(`�ã�`,'��')
1
SELECT INSTR(`�ã�`,'��') from `�ԣ�`;
INSTR(`�ã�`,'��')
2
SELECT INSTR(`�ã�`,'��') from `�ԣ�`;
INSTR(`�ã�`,'��')
3
SELECT INSTR(`�ã�`,'��') from `�ԣ�`;
INSTR(`�ã�`,'��')
4
SELECT INSTR(`�ã�`,'��') from `�ԣ�`;
INSTR(`�ã�`,'��')
5
SELECT INSTR(`�ã�`,'��') from `�ԣ�`;
INSTR(`�ã�`,'��')
0
SELECT INSTR(`�ã�`,'���') from `�ԣ�`;
INSTR(`�ã�`,'���')
1
SELECT INSTR(`�ã�`,'���') from `�ԣ�`;
INSTR(`�ã�`,'���')
2
SELECT INSTR(`�ã�`,'���') from `�ԣ�`;
INSTR(`�ã�`,'���')
3
SELECT INSTR(`�ã�`,'���') from `�ԣ�`;
INSTR(`�ã�`,'���')
4
SELECT INSTR(`�ã�`,'���') from `�ԣ�`;
INSTR(`�ã�`,'���')
5
SELECT INSTR(`�ã�`,'���') from `�ԣ�`;
INSTR(`�ã�`,'���')
0
DROP TABLE `�ԣ�`;
DROP TABLE `�ԣ�`;
DROP TABLE `�ԣ�`;
DROP TABLE `�ԣ�`;
DROP TABLE `�ԣ�`;
DROP TABLE `�ԣ�`;
DROP TABLE `�ԣ�`;
DROP TABLE `�ԣ�`;
DROP TABLE `�ԣ�`;
