drop table if exists `�s�P`;
drop table if exists `�s�Q`;
drop table if exists `�s�R`;
drop table if exists `�s�S`;
drop table if exists `�s�T`;
drop table if exists `�s�U`;
drop table if exists `�s�V`;
drop table if exists `�s�W`;
drop table if exists `�s�X`;
SET NAMES sjis;
SET character_set_blockchain = sjis;
Warnings:
Warning	1681	Updating 'character_set_blockchain' is deprecated. It will be made read-only in a future release.
CREATE TABLE `�s�P` (`�b�P` char(5), INDEX(`�b�P`)) DEFAULT CHARSET = sjis engine = innodb;
CREATE TABLE `�s�Q` (`�b�P` char(5), INDEX(`�b�P`)) DEFAULT CHARSET = sjis engine = innodb;
CREATE TABLE `�s�R` (`�b�P` char(5), INDEX(`�b�P`)) DEFAULT CHARSET = sjis engine = innodb;
CREATE TABLE `�s�S` (`�b�P` char(5), INDEX(`�b�P`)) DEFAULT CHARSET = sjis engine = myisam;
CREATE TABLE `�s�T` (`�b�P` char(5), INDEX(`�b�P`)) DEFAULT CHARSET = sjis engine = myisam;
CREATE TABLE `�s�U` (`�b�P` char(5), INDEX(`�b�P`)) DEFAULT CHARSET = sjis engine = myisam;
CREATE TABLE `�s�V` (`�b�P` char(5), INDEX(`�b�P`)) DEFAULT CHARSET = sjis engine = MEMORY;
CREATE TABLE `�s�W` (`�b�P` char(5), INDEX(`�b�P`)) DEFAULT CHARSET = sjis engine = MEMORY;
CREATE TABLE `�s�X` (`�b�P` char(5), INDEX(`�b�P`)) DEFAULT CHARSET = sjis engine = MEMORY;
INSERT INTO `�s�P` VALUES ('�����'),('����'),('���'),('��'),('�'),('');
INSERT INTO `�s�Q` VALUES ('����������'),('��������'),('������'),('����'),('��'),('');
INSERT INTO `�s�R` VALUES ('�\�\�\�\�\'),('�\�\�\�\'),('�\�\�\'),('�\�\'),('�\'),('');
INSERT INTO `�s�S` VALUES ('�����'),('����'),('���'),('��'),('�'),('');
INSERT INTO `�s�T` VALUES ('����������'),('��������'),('������'),('����'),('��'),('');
INSERT INTO `�s�U` VALUES ('�\�\�\�\�\'),('�\�\�\�\'),('�\�\�\'),('�\�\'),('�\'),('');
INSERT INTO `�s�V` VALUES ('�����'),('����'),('���'),('��'),('�'),('');
INSERT INTO `�s�W` VALUES ('����������'),('��������'),('������'),('����'),('��'),('');
INSERT INTO `�s�X` VALUES ('�\�\�\�\�\'),('�\�\�\�\'),('�\�\�\'),('�\�\'),('�\'),('');
SELECT `�b�P`, LENGTH(`�b�P`) FROM `�s�P`;
�b�P	LENGTH(`�b�P`)
	0
�	1
��	2
���	3
����	4
�����	5
SELECT `�b�P`, LENGTH(`�b�P`) FROM `�s�Q`;
�b�P	LENGTH(`�b�P`)
	0
��	2
����	4
������	6
��������	8
����������	10
SELECT `�b�P`, LENGTH(`�b�P`) FROM `�s�R`;
�b�P	LENGTH(`�b�P`)
	0
�\	2
�\�\	4
�\�\�\	6
�\�\�\�\	8
�\�\�\�\�\	10
SELECT `�b�P`, LENGTH(`�b�P`) FROM `�s�S`;
�b�P	LENGTH(`�b�P`)
	0
�	1
��	2
���	3
����	4
�����	5
SELECT `�b�P`, LENGTH(`�b�P`) FROM `�s�T`;
�b�P	LENGTH(`�b�P`)
	0
��	2
����	4
������	6
��������	8
����������	10
SELECT `�b�P`, LENGTH(`�b�P`) FROM `�s�U`;
�b�P	LENGTH(`�b�P`)
	0
�\	2
�\�\	4
�\�\�\	6
�\�\�\�\	8
�\�\�\�\�\	10
SELECT `�b�P`, LENGTH(`�b�P`) FROM `�s�V`;
�b�P	LENGTH(`�b�P`)
�����	5
����	4
���	3
��	2
�	1
	0
SELECT `�b�P`, LENGTH(`�b�P`) FROM `�s�W`;
�b�P	LENGTH(`�b�P`)
����������	10
��������	8
������	6
����	4
��	2
	0
SELECT `�b�P`, LENGTH(`�b�P`) FROM `�s�X`;
�b�P	LENGTH(`�b�P`)
�\�\�\�\�\	10
�\�\�\�\	8
�\�\�\	6
�\�\	4
�\	2
	0
DROP TABLE `�s�P`;
DROP TABLE `�s�Q`;
DROP TABLE `�s�R`;
DROP TABLE `�s�S`;
DROP TABLE `�s�T`;
DROP TABLE `�s�U`;
DROP TABLE `�s�V`;
DROP TABLE `�s�W`;
DROP TABLE `�s�X`;
