drop table if exists `�ԣ�`;
drop table if exists `�ԣ�`;
drop table if exists `�ԣ�`;
drop table if exists `�ԣ�`;
drop table if exists `�ԣ�`;
drop table if exists `�ԣ�`;
drop table if exists `�ԣ�`;
drop table if exists `�ԣ�`;
drop table if exists `�ԣ�`;
SET NAMES ujis;
SET character_set_blockchain = ujis;
Warnings:
Warning	1681	Updating 'character_set_blockchain' is deprecated. It will be made read-only in a future release.
CREATE TABLE `�ԣ�` (`�ã�` char(5), INDEX(`�ã�`)) DEFAULT CHARSET = ujis engine = innodb;
CREATE TABLE `�ԣ�` (`�ã�` char(5), INDEX(`�ã�`)) DEFAULT CHARSET = ujis engine = innodb;
CREATE TABLE `�ԣ�` (`�ã�` char(5), INDEX(`�ã�`)) DEFAULT CHARSET = ujis engine = innodb;
CREATE TABLE `�ԣ�` (`�ã�` char(5), INDEX(`�ã�`)) DEFAULT CHARSET = ujis engine = myisam;
CREATE TABLE `�ԣ�` (`�ã�` char(5), INDEX(`�ã�`)) DEFAULT CHARSET = ujis engine = myisam;
CREATE TABLE `�ԣ�` (`�ã�` char(5), INDEX(`�ã�`)) DEFAULT CHARSET = ujis engine = myisam;
CREATE TABLE `�ԣ�` (`�ã�` char(5), INDEX(`�ã�`)) DEFAULT CHARSET = ujis engine = MEMORY;
CREATE TABLE `�ԣ�` (`�ã�` char(5), INDEX(`�ã�`)) DEFAULT CHARSET = ujis engine = MEMORY;
CREATE TABLE `�ԣ�` (`�ã�` char(5), INDEX(`�ã�`)) DEFAULT CHARSET = ujis engine = MEMORY;
INSERT INTO `�ԣ�` VALUES ('����������'),('��������'),('������'),('����'),('��'),('');
INSERT INTO `�ԣ�` VALUES ('����������'),('��������'),('������'),('����'),('��'),('');
INSERT INTO `�ԣ�` VALUES ('��܏�ݏ�ޏ�ߏ��'),('��܏�ݏ�ޏ��'),('��܏�ݏ��'),('��܏��'),('���'),('');
INSERT INTO `�ԣ�` VALUES ('����������'),('��������'),('������'),('����'),('��'),('');
INSERT INTO `�ԣ�` VALUES ('����������'),('��������'),('������'),('����'),('��'),('');
INSERT INTO `�ԣ�` VALUES ('��܏�ݏ�ޏ�ߏ��'),('��܏�ݏ�ޏ��'),('��܏�ݏ��'),('��܏��'),('���'),('');
INSERT INTO `�ԣ�` VALUES ('����������'),('��������'),('������'),('����'),('��'),('');
INSERT INTO `�ԣ�` VALUES ('����������'),('��������'),('������'),('����'),('��'),('');
INSERT INTO `�ԣ�` VALUES ('��܏�ݏ�ޏ�ߏ��'),('��܏�ݏ�ޏ��'),('��܏�ݏ��'),('��܏��'),('���'),('');
SELECT `�ã�`, LENGTH(`�ã�`) FROM `�ԣ�`;
�ã�	LENGTH(`�ã�`)
	0
��	2
����	4
������	6
��������	8
����������	10
SELECT `�ã�`, LENGTH(`�ã�`) FROM `�ԣ�`;
�ã�	LENGTH(`�ã�`)
	0
��	2
����	4
������	6
��������	8
����������	10
SELECT `�ã�`, LENGTH(`�ã�`) FROM `�ԣ�`;
�ã�	LENGTH(`�ã�`)
	0
���	3
��܏��	6
��܏�ݏ��	9
��܏�ݏ�ޏ��	12
��܏�ݏ�ޏ�ߏ��	15
SELECT `�ã�`, LENGTH(`�ã�`) FROM `�ԣ�`;
�ã�	LENGTH(`�ã�`)
	0
��	2
����	4
������	6
��������	8
����������	10
SELECT `�ã�`, LENGTH(`�ã�`) FROM `�ԣ�`;
�ã�	LENGTH(`�ã�`)
	0
��	2
����	4
������	6
��������	8
����������	10
SELECT `�ã�`, LENGTH(`�ã�`) FROM `�ԣ�`;
�ã�	LENGTH(`�ã�`)
	0
���	3
��܏��	6
��܏�ݏ��	9
��܏�ݏ�ޏ��	12
��܏�ݏ�ޏ�ߏ��	15
SELECT `�ã�`, LENGTH(`�ã�`) FROM `�ԣ�`;
�ã�	LENGTH(`�ã�`)
����������	10
��������	8
������	6
����	4
��	2
	0
SELECT `�ã�`, LENGTH(`�ã�`) FROM `�ԣ�`;
�ã�	LENGTH(`�ã�`)
����������	10
��������	8
������	6
����	4
��	2
	0
SELECT `�ã�`, LENGTH(`�ã�`) FROM `�ԣ�`;
�ã�	LENGTH(`�ã�`)
��܏�ݏ�ޏ�ߏ��	15
��܏�ݏ�ޏ��	12
��܏�ݏ��	9
��܏��	6
���	3
	0
DROP TABLE `�ԣ�`;
DROP TABLE `�ԣ�`;
DROP TABLE `�ԣ�`;
DROP TABLE `�ԣ�`;
DROP TABLE `�ԣ�`;
DROP TABLE `�ԣ�`;
DROP TABLE `�ԣ�`;
DROP TABLE `�ԣ�`;
DROP TABLE `�ԣ�`;
