drop table if exists `�ԣ�`;
drop table if exists `�ԣ�`;
drop table if exists `�ԣ�`;
drop table if exists `�ԣ�`;
drop table if exists `�ԣ�`;
drop table if exists `�ԣ�`;
drop table if exists `�ԣ�`;
drop table if exists `�ԣ�`;
drop table if exists `�ԣ�`;
SET NAMES ujis;
SET character_set_blockchain = ujis;
Warnings:
Warning	1681	Updating 'character_set_blockchain' is deprecated. It will be made read-only in a future release.
CREATE TABLE `�ԣ�` (`�ã�` char(5), INDEX(`�ã�`)) DEFAULT CHARSET = ujis engine = innodb;
CREATE TABLE `�ԣ�` (`�ã�` char(5), INDEX(`�ã�`)) DEFAULT CHARSET = ujis engine = innodb;
CREATE TABLE `�ԣ�` (`�ã�` char(5), INDEX(`�ã�`)) DEFAULT CHARSET = ujis engine = innodb;
CREATE TABLE `�ԣ�` (`�ã�` char(5), INDEX(`�ã�`)) DEFAULT CHARSET = ujis engine = myisam;
CREATE TABLE `�ԣ�` (`�ã�` char(5), INDEX(`�ã�`)) DEFAULT CHARSET = ujis engine = myisam;
CREATE TABLE `�ԣ�` (`�ã�` char(5), INDEX(`�ã�`)) DEFAULT CHARSET = ujis engine = myisam;
CREATE TABLE `�ԣ�` (`�ã�` char(5), INDEX(`�ã�`)) DEFAULT CHARSET = ujis engine = MEMORY;
CREATE TABLE `�ԣ�` (`�ã�` char(5), INDEX(`�ã�`)) DEFAULT CHARSET = ujis engine = MEMORY;
CREATE TABLE `�ԣ�` (`�ã�` char(5), INDEX(`�ã�`)) DEFAULT CHARSET = ujis engine = MEMORY;
INSERT INTO `�ԣ�` VALUES ('����������'),('��������'),('������'),('����'),('��'),('');
INSERT INTO `�ԣ�` VALUES ('����������'),('��������'),('������'),('����'),('��'),('');
INSERT INTO `�ԣ�` VALUES ('��܏�ݏ�ޏ�ߏ��'),('��܏�ݏ�ޏ��'),('��܏�ݏ��'),('��܏��'),('���'),('');
INSERT INTO `�ԣ�` VALUES ('����������'),('��������'),('������'),('����'),('��'),('');
INSERT INTO `�ԣ�` VALUES ('����������'),('��������'),('������'),('����'),('��'),('');
INSERT INTO `�ԣ�` VALUES ('��܏�ݏ�ޏ�ߏ��'),('��܏�ݏ�ޏ��'),('��܏�ݏ��'),('��܏��'),('���'),('');
INSERT INTO `�ԣ�` VALUES ('����������'),('��������'),('������'),('����'),('��'),('');
INSERT INTO `�ԣ�` VALUES ('����������'),('��������'),('������'),('����'),('��'),('');
INSERT INTO `�ԣ�` VALUES ('��܏�ݏ�ޏ�ߏ��'),('��܏�ݏ�ޏ��'),('��܏�ݏ��'),('��܏��'),('���'),('');
SELECT `�ã�`, LEFT(`�ã�`,0) FROM `�ԣ�`;
�ã�	LEFT(`�ã�`,0)
	
��	
����	
������	
��������	
����������	
SELECT `�ã�`, LEFT(`�ã�`,1) FROM `�ԣ�`;
�ã�	LEFT(`�ã�`,1)
	
��	��
����	��
������	��
��������	��
����������	��
SELECT `�ã�`, LEFT(`�ã�`,2) FROM `�ԣ�`;
�ã�	LEFT(`�ã�`,2)
	
��	��
����	����
������	����
��������	����
����������	����
SELECT `�ã�`, LEFT(`�ã�`,3) FROM `�ԣ�`;
�ã�	LEFT(`�ã�`,3)
	
��	��
����	����
������	������
��������	������
����������	������
SELECT `�ã�`, LEFT(`�ã�`,4) FROM `�ԣ�`;
�ã�	LEFT(`�ã�`,4)
	
��	��
����	����
������	������
��������	��������
����������	��������
SELECT `�ã�`, LEFT(`�ã�`,5) FROM `�ԣ�`;
�ã�	LEFT(`�ã�`,5)
	
��	��
����	����
������	������
��������	��������
����������	����������
SELECT `�ã�`, LEFT(`�ã�`,0) FROM `�ԣ�`;
�ã�	LEFT(`�ã�`,0)
	
��	
����	
������	
��������	
����������	
SELECT `�ã�`, LEFT(`�ã�`,1) FROM `�ԣ�`;
�ã�	LEFT(`�ã�`,1)
	
��	��
����	��
������	��
��������	��
����������	��
SELECT `�ã�`, LEFT(`�ã�`,2) FROM `�ԣ�`;
�ã�	LEFT(`�ã�`,2)
	
��	��
����	����
������	����
��������	����
����������	����
SELECT `�ã�`, LEFT(`�ã�`,3) FROM `�ԣ�`;
�ã�	LEFT(`�ã�`,3)
	
��	��
����	����
������	������
��������	������
����������	������
SELECT `�ã�`, LEFT(`�ã�`,4) FROM `�ԣ�`;
�ã�	LEFT(`�ã�`,4)
	
��	��
����	����
������	������
��������	��������
����������	��������
SELECT `�ã�`, LEFT(`�ã�`,5) FROM `�ԣ�`;
�ã�	LEFT(`�ã�`,5)
	
��	��
����	����
������	������
��������	��������
����������	����������
SELECT `�ã�`, LEFT(`�ã�`,0) FROM `�ԣ�`;
�ã�	LEFT(`�ã�`,0)
	
���	
��܏��	
��܏�ݏ��	
��܏�ݏ�ޏ��	
��܏�ݏ�ޏ�ߏ��	
SELECT `�ã�`, LEFT(`�ã�`,1) FROM `�ԣ�`;
�ã�	LEFT(`�ã�`,1)
	
���	���
��܏��	���
��܏�ݏ��	���
��܏�ݏ�ޏ��	���
��܏�ݏ�ޏ�ߏ��	���
SELECT `�ã�`, LEFT(`�ã�`,2) FROM `�ԣ�`;
�ã�	LEFT(`�ã�`,2)
	
���	���
��܏��	��܏��
��܏�ݏ��	��܏��
��܏�ݏ�ޏ��	��܏��
��܏�ݏ�ޏ�ߏ��	��܏��
SELECT `�ã�`, LEFT(`�ã�`,3) FROM `�ԣ�`;
�ã�	LEFT(`�ã�`,3)
	
���	���
��܏��	��܏��
��܏�ݏ��	��܏�ݏ��
��܏�ݏ�ޏ��	��܏�ݏ��
��܏�ݏ�ޏ�ߏ��	��܏�ݏ��
SELECT `�ã�`, LEFT(`�ã�`,4) FROM `�ԣ�`;
�ã�	LEFT(`�ã�`,4)
	
���	���
��܏��	��܏��
��܏�ݏ��	��܏�ݏ��
��܏�ݏ�ޏ��	��܏�ݏ�ޏ��
��܏�ݏ�ޏ�ߏ��	��܏�ݏ�ޏ��
SELECT `�ã�`, LEFT(`�ã�`,5) FROM `�ԣ�`;
�ã�	LEFT(`�ã�`,5)
	
���	���
��܏��	��܏��
��܏�ݏ��	��܏�ݏ��
��܏�ݏ�ޏ��	��܏�ݏ�ޏ��
��܏�ݏ�ޏ�ߏ��	��܏�ݏ�ޏ�ߏ��
SELECT `�ã�`, LEFT(`�ã�`,0) FROM `�ԣ�`;
�ã�	LEFT(`�ã�`,0)
	
��	
����	
������	
��������	
����������	
SELECT `�ã�`, LEFT(`�ã�`,1) FROM `�ԣ�`;
�ã�	LEFT(`�ã�`,1)
	
��	��
����	��
������	��
��������	��
����������	��
SELECT `�ã�`, LEFT(`�ã�`,2) FROM `�ԣ�`;
�ã�	LEFT(`�ã�`,2)
	
��	��
����	����
������	����
��������	����
����������	����
SELECT `�ã�`, LEFT(`�ã�`,3) FROM `�ԣ�`;
�ã�	LEFT(`�ã�`,3)
	
��	��
����	����
������	������
��������	������
����������	������
SELECT `�ã�`, LEFT(`�ã�`,4) FROM `�ԣ�`;
�ã�	LEFT(`�ã�`,4)
	
��	��
����	����
������	������
��������	��������
����������	��������
SELECT `�ã�`, LEFT(`�ã�`,5) FROM `�ԣ�`;
�ã�	LEFT(`�ã�`,5)
	
��	��
����	����
������	������
��������	��������
����������	����������
SELECT `�ã�`, LEFT(`�ã�`,0) FROM `�ԣ�`;
�ã�	LEFT(`�ã�`,0)
	
��	
����	
������	
��������	
����������	
SELECT `�ã�`, LEFT(`�ã�`,1) FROM `�ԣ�`;
�ã�	LEFT(`�ã�`,1)
	
��	��
����	��
������	��
��������	��
����������	��
SELECT `�ã�`, LEFT(`�ã�`,2) FROM `�ԣ�`;
�ã�	LEFT(`�ã�`,2)
	
��	��
����	����
������	����
��������	����
����������	����
SELECT `�ã�`, LEFT(`�ã�`,3) FROM `�ԣ�`;
�ã�	LEFT(`�ã�`,3)
	
��	��
����	����
������	������
��������	������
����������	������
SELECT `�ã�`, LEFT(`�ã�`,4) FROM `�ԣ�`;
�ã�	LEFT(`�ã�`,4)
	
��	��
����	����
������	������
��������	��������
����������	��������
SELECT `�ã�`, LEFT(`�ã�`,5) FROM `�ԣ�`;
�ã�	LEFT(`�ã�`,5)
	
��	��
����	����
������	������
��������	��������
����������	����������
SELECT `�ã�`, LEFT(`�ã�`,0) FROM `�ԣ�`;
�ã�	LEFT(`�ã�`,0)
	
���	
��܏��	
��܏�ݏ��	
��܏�ݏ�ޏ��	
��܏�ݏ�ޏ�ߏ��	
SELECT `�ã�`, LEFT(`�ã�`,1) FROM `�ԣ�`;
�ã�	LEFT(`�ã�`,1)
	
���	���
��܏��	���
��܏�ݏ��	���
��܏�ݏ�ޏ��	���
��܏�ݏ�ޏ�ߏ��	���
SELECT `�ã�`, LEFT(`�ã�`,2) FROM `�ԣ�`;
�ã�	LEFT(`�ã�`,2)
	
���	���
��܏��	��܏��
��܏�ݏ��	��܏��
��܏�ݏ�ޏ��	��܏��
��܏�ݏ�ޏ�ߏ��	��܏��
SELECT `�ã�`, LEFT(`�ã�`,3) FROM `�ԣ�`;
�ã�	LEFT(`�ã�`,3)
	
���	���
��܏��	��܏��
��܏�ݏ��	��܏�ݏ��
��܏�ݏ�ޏ��	��܏�ݏ��
��܏�ݏ�ޏ�ߏ��	��܏�ݏ��
SELECT `�ã�`, LEFT(`�ã�`,4) FROM `�ԣ�`;
�ã�	LEFT(`�ã�`,4)
	
���	���
��܏��	��܏��
��܏�ݏ��	��܏�ݏ��
��܏�ݏ�ޏ��	��܏�ݏ�ޏ��
��܏�ݏ�ޏ�ߏ��	��܏�ݏ�ޏ��
SELECT `�ã�`, LEFT(`�ã�`,5) FROM `�ԣ�`;
�ã�	LEFT(`�ã�`,5)
	
���	���
��܏��	��܏��
��܏�ݏ��	��܏�ݏ��
��܏�ݏ�ޏ��	��܏�ݏ�ޏ��
��܏�ݏ�ޏ�ߏ��	��܏�ݏ�ޏ�ߏ��
SELECT `�ã�`, LEFT(`�ã�`,0) FROM `�ԣ�`;
�ã�	LEFT(`�ã�`,0)
����������	
��������	
������	
����	
��	
	
SELECT `�ã�`, LEFT(`�ã�`,1) FROM `�ԣ�`;
�ã�	LEFT(`�ã�`,1)
����������	��
��������	��
������	��
����	��
��	��
	
SELECT `�ã�`, LEFT(`�ã�`,2) FROM `�ԣ�`;
�ã�	LEFT(`�ã�`,2)
����������	����
��������	����
������	����
����	����
��	��
	
SELECT `�ã�`, LEFT(`�ã�`,3) FROM `�ԣ�`;
�ã�	LEFT(`�ã�`,3)
����������	������
��������	������
������	������
����	����
��	��
	
SELECT `�ã�`, LEFT(`�ã�`,4) FROM `�ԣ�`;
�ã�	LEFT(`�ã�`,4)
����������	��������
��������	��������
������	������
����	����
��	��
	
SELECT `�ã�`, LEFT(`�ã�`,5) FROM `�ԣ�`;
�ã�	LEFT(`�ã�`,5)
����������	����������
��������	��������
������	������
����	����
��	��
	
SELECT `�ã�`, LEFT(`�ã�`,0) FROM `�ԣ�`;
�ã�	LEFT(`�ã�`,0)
����������	
��������	
������	
����	
��	
	
SELECT `�ã�`, LEFT(`�ã�`,1) FROM `�ԣ�`;
�ã�	LEFT(`�ã�`,1)
����������	��
��������	��
������	��
����	��
��	��
	
SELECT `�ã�`, LEFT(`�ã�`,2) FROM `�ԣ�`;
�ã�	LEFT(`�ã�`,2)
����������	����
��������	����
������	����
����	����
��	��
	
SELECT `�ã�`, LEFT(`�ã�`,3) FROM `�ԣ�`;
�ã�	LEFT(`�ã�`,3)
����������	������
��������	������
������	������
����	����
��	��
	
SELECT `�ã�`, LEFT(`�ã�`,4) FROM `�ԣ�`;
�ã�	LEFT(`�ã�`,4)
����������	��������
��������	��������
������	������
����	����
��	��
	
SELECT `�ã�`, LEFT(`�ã�`,5) FROM `�ԣ�`;
�ã�	LEFT(`�ã�`,5)
����������	����������
��������	��������
������	������
����	����
��	��
	
SELECT `�ã�`, LEFT(`�ã�`,0) FROM `�ԣ�`;
�ã�	LEFT(`�ã�`,0)
��܏�ݏ�ޏ�ߏ��	
��܏�ݏ�ޏ��	
��܏�ݏ��	
��܏��	
���	
	
SELECT `�ã�`, LEFT(`�ã�`,1) FROM `�ԣ�`;
�ã�	LEFT(`�ã�`,1)
��܏�ݏ�ޏ�ߏ��	���
��܏�ݏ�ޏ��	���
��܏�ݏ��	���
��܏��	���
���	���
	
SELECT `�ã�`, LEFT(`�ã�`,2) FROM `�ԣ�`;
�ã�	LEFT(`�ã�`,2)
��܏�ݏ�ޏ�ߏ��	��܏��
��܏�ݏ�ޏ��	��܏��
��܏�ݏ��	��܏��
��܏��	��܏��
���	���
	
SELECT `�ã�`, LEFT(`�ã�`,3) FROM `�ԣ�`;
�ã�	LEFT(`�ã�`,3)
��܏�ݏ�ޏ�ߏ��	��܏�ݏ��
��܏�ݏ�ޏ��	��܏�ݏ��
��܏�ݏ��	��܏�ݏ��
��܏��	��܏��
���	���
	
SELECT `�ã�`, LEFT(`�ã�`,4) FROM `�ԣ�`;
�ã�	LEFT(`�ã�`,4)
��܏�ݏ�ޏ�ߏ��	��܏�ݏ�ޏ��
��܏�ݏ�ޏ��	��܏�ݏ�ޏ��
��܏�ݏ��	��܏�ݏ��
��܏��	��܏��
���	���
	
SELECT `�ã�`, LEFT(`�ã�`,5) FROM `�ԣ�`;
�ã�	LEFT(`�ã�`,5)
��܏�ݏ�ޏ�ߏ��	��܏�ݏ�ޏ�ߏ��
��܏�ݏ�ޏ��	��܏�ݏ�ޏ��
��܏�ݏ��	��܏�ݏ��
��܏��	��܏��
���	���
	
DROP TABLE `�ԣ�`;
DROP TABLE `�ԣ�`;
DROP TABLE `�ԣ�`;
DROP TABLE `�ԣ�`;
DROP TABLE `�ԣ�`;
DROP TABLE `�ԣ�`;
DROP TABLE `�ԣ�`;
DROP TABLE `�ԣ�`;
DROP TABLE `�ԣ�`;
