drop table if exists `�ԣ�`;
drop table if exists `�ԣ�`;
drop table if exists `�ԣ�`;
drop table if exists `�ԣ�`;
drop table if exists `�ԣ�`;
drop table if exists `�ԣ�`;
drop table if exists `�ԣ�`;
drop table if exists `�ԣ�`;
drop table if exists `�ԣ�`;
SET NAMES ujis;
SET character_set_blockchain = ucs2;
Warnings:
Warning	1681	Updating 'character_set_blockchain' is deprecated. It will be made read-only in a future release.
SET collation_connection = ucs2_general_ci;
CREATE TABLE `�ԣ�` (`�ã�` char(5)) DEFAULT CHARSET = ucs2 engine = innodb;
CREATE TABLE `�ԣ�` (`�ã�` char(5)) DEFAULT CHARSET = ucs2 engine = innodb;
CREATE TABLE `�ԣ�` (`�ã�` char(5)) DEFAULT CHARSET = ucs2 engine = innodb;
CREATE TABLE `�ԣ�` (`�ã�` char(5)) DEFAULT CHARSET = ucs2 engine = myisam;
CREATE TABLE `�ԣ�` (`�ã�` char(5)) DEFAULT CHARSET = ucs2 engine = myisam;
CREATE TABLE `�ԣ�` (`�ã�` char(5)) DEFAULT CHARSET = ucs2 engine = myisam;
CREATE TABLE `�ԣ�` (`�ã�` char(5)) DEFAULT CHARSET = ucs2 engine = MEMORY;
CREATE TABLE `�ԣ�` (`�ã�` char(5)) DEFAULT CHARSET = ucs2 engine = MEMORY;
CREATE TABLE `�ԣ�` (`�ã�` char(5)) DEFAULT CHARSET = ucs2 engine = MEMORY;
INSERT INTO `�ԣ�` VALUES ('����������');
INSERT INTO `�ԣ�` VALUES ('����������');
INSERT INTO `�ԣ�` VALUES ('��܏�ݏ�ޏ�ߏ��');
INSERT INTO `�ԣ�` VALUES ('����������');
INSERT INTO `�ԣ�` VALUES ('����������');
INSERT INTO `�ԣ�` VALUES ('��܏�ݏ�ޏ�ߏ��');
INSERT INTO `�ԣ�` VALUES ('����������');
INSERT INTO `�ԣ�` VALUES ('����������');
INSERT INTO `�ԣ�` VALUES ('��܏�ݏ�ޏ�ߏ��');
SELECT REPLACE(`�ã�`,'��','����') FROM `�ԣ�`;
REPLACE(`�ã�`,'��','����')
������������
SELECT REPLACE(`�ã�`,'��','����') FROM `�ԣ�`;
REPLACE(`�ã�`,'��','����')
������������
SELECT REPLACE(`�ã�`,'��','����') FROM `�ԣ�`;
REPLACE(`�ã�`,'��','����')
������������
SELECT REPLACE(`�ã�`,'��','����') FROM `�ԣ�`;
REPLACE(`�ã�`,'��','����')
������������
SELECT REPLACE(`�ã�`,'��','����') FROM `�ԣ�`;
REPLACE(`�ã�`,'��','����')
������������
SELECT REPLACE(`�ã�`,'��','����') FROM `�ԣ�`;
REPLACE(`�ã�`,'��','����')
������������
SELECT REPLACE(`�ã�`,'��','����') FROM `�ԣ�`;
REPLACE(`�ã�`,'��','����')
������������
SELECT REPLACE(`�ã�`,'��','����') FROM `�ԣ�`;
REPLACE(`�ã�`,'��','����')
������������
SELECT REPLACE(`�ã�`,'��','����') FROM `�ԣ�`;
REPLACE(`�ã�`,'��','����')
������������
SELECT REPLACE(`�ã�`,'��','����') FROM `�ԣ�`;
REPLACE(`�ã�`,'��','����')
������������
SELECT REPLACE(`�ã�`,'���','��܏��') FROM `�ԣ�`;
REPLACE(`�ã�`,'���','��܏��')
��܏�܏�ݏ�ޏ�ߏ��
SELECT REPLACE(`�ã�`,'���','��ݏ��') FROM `�ԣ�`;
REPLACE(`�ã�`,'���','��ݏ��')
��܏�ݏ�ݏ�ޏ�ߏ��
SELECT REPLACE(`�ã�`,'���','��ޏ��') FROM `�ԣ�`;
REPLACE(`�ã�`,'���','��ޏ��')
��܏�ݏ�ޏ�ޏ�ߏ��
SELECT REPLACE(`�ã�`,'���','��ߏ��') FROM `�ԣ�`;
REPLACE(`�ã�`,'���','��ߏ��')
��܏�ݏ�ޏ�ߏ�ߏ��
SELECT REPLACE(`�ã�`,'���','������') FROM `�ԣ�`;
REPLACE(`�ã�`,'���','������')
��܏�ݏ�ޏ�ߏ�����
SELECT REPLACE(`�ã�`,'��','����') FROM `�ԣ�`;
REPLACE(`�ã�`,'��','����')
������������
SELECT REPLACE(`�ã�`,'��','����') FROM `�ԣ�`;
REPLACE(`�ã�`,'��','����')
������������
SELECT REPLACE(`�ã�`,'��','����') FROM `�ԣ�`;
REPLACE(`�ã�`,'��','����')
������������
SELECT REPLACE(`�ã�`,'��','����') FROM `�ԣ�`;
REPLACE(`�ã�`,'��','����')
������������
SELECT REPLACE(`�ã�`,'��','����') FROM `�ԣ�`;
REPLACE(`�ã�`,'��','����')
������������
SELECT REPLACE(`�ã�`,'��','����') FROM `�ԣ�`;
REPLACE(`�ã�`,'��','����')
������������
SELECT REPLACE(`�ã�`,'��','����') FROM `�ԣ�`;
REPLACE(`�ã�`,'��','����')
������������
SELECT REPLACE(`�ã�`,'��','����') FROM `�ԣ�`;
REPLACE(`�ã�`,'��','����')
������������
SELECT REPLACE(`�ã�`,'��','����') FROM `�ԣ�`;
REPLACE(`�ã�`,'��','����')
������������
SELECT REPLACE(`�ã�`,'��','����') FROM `�ԣ�`;
REPLACE(`�ã�`,'��','����')
������������
SELECT REPLACE(`�ã�`,'���','��܏��') FROM `�ԣ�`;
REPLACE(`�ã�`,'���','��܏��')
��܏�܏�ݏ�ޏ�ߏ��
SELECT REPLACE(`�ã�`,'���','��ݏ��') FROM `�ԣ�`;
REPLACE(`�ã�`,'���','��ݏ��')
��܏�ݏ�ݏ�ޏ�ߏ��
SELECT REPLACE(`�ã�`,'���','��ޏ��') FROM `�ԣ�`;
REPLACE(`�ã�`,'���','��ޏ��')
��܏�ݏ�ޏ�ޏ�ߏ��
SELECT REPLACE(`�ã�`,'���','��ߏ��') FROM `�ԣ�`;
REPLACE(`�ã�`,'���','��ߏ��')
��܏�ݏ�ޏ�ߏ�ߏ��
SELECT REPLACE(`�ã�`,'���','������') FROM `�ԣ�`;
REPLACE(`�ã�`,'���','������')
��܏�ݏ�ޏ�ߏ�����
SELECT REPLACE(`�ã�`,'��','����') FROM `�ԣ�`;
REPLACE(`�ã�`,'��','����')
������������
SELECT REPLACE(`�ã�`,'��','����') FROM `�ԣ�`;
REPLACE(`�ã�`,'��','����')
������������
SELECT REPLACE(`�ã�`,'��','����') FROM `�ԣ�`;
REPLACE(`�ã�`,'��','����')
������������
SELECT REPLACE(`�ã�`,'��','����') FROM `�ԣ�`;
REPLACE(`�ã�`,'��','����')
������������
SELECT REPLACE(`�ã�`,'��','����') FROM `�ԣ�`;
REPLACE(`�ã�`,'��','����')
������������
SELECT REPLACE(`�ã�`,'��','����') FROM `�ԣ�`;
REPLACE(`�ã�`,'��','����')
������������
SELECT REPLACE(`�ã�`,'��','����') FROM `�ԣ�`;
REPLACE(`�ã�`,'��','����')
������������
SELECT REPLACE(`�ã�`,'��','����') FROM `�ԣ�`;
REPLACE(`�ã�`,'��','����')
������������
SELECT REPLACE(`�ã�`,'��','����') FROM `�ԣ�`;
REPLACE(`�ã�`,'��','����')
������������
SELECT REPLACE(`�ã�`,'��','����') FROM `�ԣ�`;
REPLACE(`�ã�`,'��','����')
������������
SELECT REPLACE(`�ã�`,'���','��܏��') FROM `�ԣ�`;
REPLACE(`�ã�`,'���','��܏��')
��܏�܏�ݏ�ޏ�ߏ��
SELECT REPLACE(`�ã�`,'���','��ݏ��') FROM `�ԣ�`;
REPLACE(`�ã�`,'���','��ݏ��')
��܏�ݏ�ݏ�ޏ�ߏ��
SELECT REPLACE(`�ã�`,'���','��ޏ��') FROM `�ԣ�`;
REPLACE(`�ã�`,'���','��ޏ��')
��܏�ݏ�ޏ�ޏ�ߏ��
SELECT REPLACE(`�ã�`,'���','��ߏ��') FROM `�ԣ�`;
REPLACE(`�ã�`,'���','��ߏ��')
��܏�ݏ�ޏ�ߏ�ߏ��
SELECT REPLACE(`�ã�`,'���','������') FROM `�ԣ�`;
REPLACE(`�ã�`,'���','������')
��܏�ݏ�ޏ�ߏ�����
DROP TABLE `�ԣ�`;
DROP TABLE `�ԣ�`;
DROP TABLE `�ԣ�`;
DROP TABLE `�ԣ�`;
DROP TABLE `�ԣ�`;
DROP TABLE `�ԣ�`;
DROP TABLE `�ԣ�`;
DROP TABLE `�ԣ�`;
DROP TABLE `�ԣ�`;
