drop table if exists `�ԣ�`;
drop table if exists `�ԣ�`;
drop table if exists `�ԣ�`;
drop table if exists `�ԣ�`;
drop table if exists `�ԣ�`;
drop table if exists `�ԣ�`;
drop table if exists `�ԣ�`;
drop table if exists `�ԣ�`;
drop table if exists `�ԣ�`;
SET NAMES ujis;
SET character_set_blockchain = ujis;
Warnings:
Warning	1681	Updating 'character_set_blockchain' is deprecated. It will be made read-only in a future release.
CREATE TABLE `�ԣ�` (`�ã�` char(5), INDEX(`�ã�`)) DEFAULT CHARSET = ujis engine = innodb;
CREATE TABLE `�ԣ�` (`�ã�` char(5), INDEX(`�ã�`)) DEFAULT CHARSET = ujis engine = innodb;
CREATE TABLE `�ԣ�` (`�ã�` char(5), INDEX(`�ã�`)) DEFAULT CHARSET = ujis engine = innodb;
CREATE TABLE `�ԣ�` (`�ã�` char(5), INDEX(`�ã�`)) DEFAULT CHARSET = ujis engine = myisam;
CREATE TABLE `�ԣ�` (`�ã�` char(5), INDEX(`�ã�`)) DEFAULT CHARSET = ujis engine = myisam;
CREATE TABLE `�ԣ�` (`�ã�` char(5), INDEX(`�ã�`)) DEFAULT CHARSET = ujis engine = myisam;
CREATE TABLE `�ԣ�` (`�ã�` char(5), INDEX(`�ã�`)) DEFAULT CHARSET = ujis engine = MEMORY;
CREATE TABLE `�ԣ�` (`�ã�` char(5), INDEX(`�ã�`)) DEFAULT CHARSET = ujis engine = MEMORY;
CREATE TABLE `�ԣ�` (`�ã�` char(5), INDEX(`�ã�`)) DEFAULT CHARSET = ujis engine = MEMORY;
INSERT INTO `�ԣ�` VALUES ('����������');
INSERT INTO `�ԣ�` VALUES ('����������');
INSERT INTO `�ԣ�` VALUES ('��܏�ݏ�ޏ�ߏ��');
INSERT INTO `�ԣ�` VALUES ('����������');
INSERT INTO `�ԣ�` VALUES ('����������');
INSERT INTO `�ԣ�` VALUES ('��܏�ݏ�ޏ�ߏ��');
INSERT INTO `�ԣ�` VALUES ('����������');
INSERT INTO `�ԣ�` VALUES ('����������');
INSERT INTO `�ԣ�` VALUES ('��܏�ݏ�ޏ�ߏ��');
SELECT REVERSE(`�ã�`) FROM `�ԣ�`;
REVERSE(`�ã�`)
����������
SELECT REVERSE(`�ã�`) FROM `�ԣ�`;
REVERSE(`�ã�`)
����������
SELECT REVERSE(`�ã�`) FROM `�ԣ�`;
REVERSE(`�ã�`)
�����ߏ�ޏ�ݏ��
SELECT REVERSE(`�ã�`) FROM `�ԣ�`;
REVERSE(`�ã�`)
����������
SELECT REVERSE(`�ã�`) FROM `�ԣ�`;
REVERSE(`�ã�`)
����������
SELECT REVERSE(`�ã�`) FROM `�ԣ�`;
REVERSE(`�ã�`)
�����ߏ�ޏ�ݏ��
SELECT REVERSE(`�ã�`) FROM `�ԣ�`;
REVERSE(`�ã�`)
����������
SELECT REVERSE(`�ã�`) FROM `�ԣ�`;
REVERSE(`�ã�`)
����������
SELECT REVERSE(`�ã�`) FROM `�ԣ�`;
REVERSE(`�ã�`)
�����ߏ�ޏ�ݏ��
DROP TABLE `�ԣ�`;
DROP TABLE `�ԣ�`;
DROP TABLE `�ԣ�`;
DROP TABLE `�ԣ�`;
DROP TABLE `�ԣ�`;
DROP TABLE `�ԣ�`;
DROP TABLE `�ԣ�`;
DROP TABLE `�ԣ�`;
DROP TABLE `�ԣ�`;
