drop table if exists `�ԣ�`;
drop table if exists `�ԣ�`;
drop table if exists `�ԣ�`;
drop table if exists `�ԣ�`;
drop table if exists `�ԣ�`;
drop table if exists `�ԣ�`;
drop table if exists `�ԣ�`;
drop table if exists `�ԣ�`;
drop table if exists `�ԣ�`;
SET NAMES ujis;
SET character_set_blockchain = ucs2;
Warnings:
Warning	1681	Updating 'character_set_blockchain' is deprecated. It will be made read-only in a future release.
SET collation_connection = ucs2_general_ci;
CREATE TABLE `�ԣ�` (`�ã�` char(8), INDEX(`�ã�`)) DEFAULT CHARSET = ucs2 engine = innodb;
CREATE TABLE `�ԣ�` (`�ã�` char(8), INDEX(`�ã�`)) DEFAULT CHARSET = ucs2 engine = innodb;
CREATE TABLE `�ԣ�` (`�ã�` char(8), INDEX(`�ã�`)) DEFAULT CHARSET = ucs2 engine = innodb;
CREATE TABLE `�ԣ�` (`�ã�` char(8), INDEX(`�ã�`)) DEFAULT CHARSET = ucs2 engine = myisam;
CREATE TABLE `�ԣ�` (`�ã�` char(8), INDEX(`�ã�`)) DEFAULT CHARSET = ucs2 engine = myisam;
CREATE TABLE `�ԣ�` (`�ã�` char(8), INDEX(`�ã�`)) DEFAULT CHARSET = ucs2 engine = myisam;
CREATE TABLE `�ԣ�` (`�ã�` char(8), INDEX(`�ã�`)) DEFAULT CHARSET = ucs2 engine = MEMORY;
CREATE TABLE `�ԣ�` (`�ã�` char(8), INDEX(`�ã�`)) DEFAULT CHARSET = ucs2 engine = MEMORY;
CREATE TABLE `�ԣ�` (`�ã�` char(8), INDEX(`�ã�`)) DEFAULT CHARSET = ucs2 engine = MEMORY;
INSERT INTO `�ԣ�` VALUES ('����������');
INSERT INTO `�ԣ�` VALUES ('���������� ');
INSERT INTO `�ԣ�` VALUES ('����������  ');
INSERT INTO `�ԣ�` VALUES ('����������   ');
INSERT INTO `�ԣ�` VALUES ('������������');
INSERT INTO `�ԣ�` VALUES ('��������������');
INSERT INTO `�ԣ�` VALUES ('����������������');
INSERT INTO `�ԣ�` VALUES ('����������');
INSERT INTO `�ԣ�` VALUES ('���������� ');
INSERT INTO `�ԣ�` VALUES ('����������  ');
INSERT INTO `�ԣ�` VALUES ('����������   ');
INSERT INTO `�ԣ�` VALUES ('������������');
INSERT INTO `�ԣ�` VALUES ('��������������');
INSERT INTO `�ԣ�` VALUES ('����������������');
INSERT INTO `�ԣ�` VALUES ('��܏�ݏ�ޏ�ߏ��');
INSERT INTO `�ԣ�` VALUES ('��܏�ݏ�ޏ�ߏ�� ');
INSERT INTO `�ԣ�` VALUES ('��܏�ݏ�ޏ�ߏ��  ');
INSERT INTO `�ԣ�` VALUES ('��܏�ݏ�ޏ�ߏ��   ');
INSERT INTO `�ԣ�` VALUES ('��܏�ݏ�ޏ�ߏ�ࡡ');
INSERT INTO `�ԣ�` VALUES ('��܏�ݏ�ޏ�ߏ�ࡡ��');
INSERT INTO `�ԣ�` VALUES ('��܏�ݏ�ޏ�ߏ�ࡡ����');
INSERT INTO `�ԣ�` VALUES ('����������');
INSERT INTO `�ԣ�` VALUES ('���������� ');
INSERT INTO `�ԣ�` VALUES ('����������  ');
INSERT INTO `�ԣ�` VALUES ('����������   ');
INSERT INTO `�ԣ�` VALUES ('������������');
INSERT INTO `�ԣ�` VALUES ('��������������');
INSERT INTO `�ԣ�` VALUES ('����������������');
INSERT INTO `�ԣ�` VALUES ('����������');
INSERT INTO `�ԣ�` VALUES ('���������� ');
INSERT INTO `�ԣ�` VALUES ('����������  ');
INSERT INTO `�ԣ�` VALUES ('����������   ');
INSERT INTO `�ԣ�` VALUES ('������������');
INSERT INTO `�ԣ�` VALUES ('��������������');
INSERT INTO `�ԣ�` VALUES ('����������������');
INSERT INTO `�ԣ�` VALUES ('��܏�ݏ�ޏ�ߏ��');
INSERT INTO `�ԣ�` VALUES ('��܏�ݏ�ޏ�ߏ�� ');
INSERT INTO `�ԣ�` VALUES ('��܏�ݏ�ޏ�ߏ��  ');
INSERT INTO `�ԣ�` VALUES ('��܏�ݏ�ޏ�ߏ��   ');
INSERT INTO `�ԣ�` VALUES ('��܏�ݏ�ޏ�ߏ�ࡡ');
INSERT INTO `�ԣ�` VALUES ('��܏�ݏ�ޏ�ߏ�ࡡ��');
INSERT INTO `�ԣ�` VALUES ('��܏�ݏ�ޏ�ߏ�ࡡ����');
INSERT INTO `�ԣ�` VALUES ('����������');
INSERT INTO `�ԣ�` VALUES ('���������� ');
INSERT INTO `�ԣ�` VALUES ('����������  ');
INSERT INTO `�ԣ�` VALUES ('����������   ');
INSERT INTO `�ԣ�` VALUES ('������������');
INSERT INTO `�ԣ�` VALUES ('��������������');
INSERT INTO `�ԣ�` VALUES ('����������������');
INSERT INTO `�ԣ�` VALUES ('����������');
INSERT INTO `�ԣ�` VALUES ('���������� ');
INSERT INTO `�ԣ�` VALUES ('����������  ');
INSERT INTO `�ԣ�` VALUES ('����������   ');
INSERT INTO `�ԣ�` VALUES ('������������');
INSERT INTO `�ԣ�` VALUES ('��������������');
INSERT INTO `�ԣ�` VALUES ('����������������');
INSERT INTO `�ԣ�` VALUES ('��܏�ݏ�ޏ�ߏ��');
INSERT INTO `�ԣ�` VALUES ('��܏�ݏ�ޏ�ߏ�� ');
INSERT INTO `�ԣ�` VALUES ('��܏�ݏ�ޏ�ߏ��  ');
INSERT INTO `�ԣ�` VALUES ('��܏�ݏ�ޏ�ߏ��   ');
INSERT INTO `�ԣ�` VALUES ('��܏�ݏ�ޏ�ߏ�ࡡ');
INSERT INTO `�ԣ�` VALUES ('��܏�ݏ�ޏ�ߏ�ࡡ��');
INSERT INTO `�ԣ�` VALUES ('��܏�ݏ�ޏ�ߏ�ࡡ����');
SELECT RTRIM(`�ã�`) from `�ԣ�`;
RTRIM(`�ã�`)
����������
����������
����������
����������
������������
��������������
����������������
SELECT RTRIM(`�ã�`) from `�ԣ�`;
RTRIM(`�ã�`)
����������
����������
����������
����������
������������
��������������
����������������
SELECT RTRIM(`�ã�`) from `�ԣ�`;
RTRIM(`�ã�`)
��܏�ݏ�ޏ�ߏ��
��܏�ݏ�ޏ�ߏ��
��܏�ݏ�ޏ�ߏ��
��܏�ݏ�ޏ�ߏ��
��܏�ݏ�ޏ�ߏ�ࡡ
��܏�ݏ�ޏ�ߏ�ࡡ��
��܏�ݏ�ޏ�ߏ�ࡡ����
SELECT RTRIM(`�ã�`) from `�ԣ�`;
RTRIM(`�ã�`)
����������
����������
����������
����������
������������
��������������
����������������
SELECT RTRIM(`�ã�`) from `�ԣ�`;
RTRIM(`�ã�`)
����������
����������
����������
����������
������������
��������������
����������������
SELECT RTRIM(`�ã�`) from `�ԣ�`;
RTRIM(`�ã�`)
��܏�ݏ�ޏ�ߏ��
��܏�ݏ�ޏ�ߏ��
��܏�ݏ�ޏ�ߏ��
��܏�ݏ�ޏ�ߏ��
��܏�ݏ�ޏ�ߏ�ࡡ
��܏�ݏ�ޏ�ߏ�ࡡ��
��܏�ݏ�ޏ�ߏ�ࡡ����
SELECT RTRIM(`�ã�`) from `�ԣ�`;
RTRIM(`�ã�`)
����������
����������
����������
����������
������������
��������������
����������������
SELECT RTRIM(`�ã�`) from `�ԣ�`;
RTRIM(`�ã�`)
����������
����������
����������
����������
������������
��������������
����������������
SELECT RTRIM(`�ã�`) from `�ԣ�`;
RTRIM(`�ã�`)
��܏�ݏ�ޏ�ߏ��
��܏�ݏ�ޏ�ߏ��
��܏�ݏ�ޏ�ߏ��
��܏�ݏ�ޏ�ߏ��
��܏�ݏ�ޏ�ߏ�ࡡ
��܏�ݏ�ޏ�ߏ�ࡡ��
��܏�ݏ�ޏ�ߏ�ࡡ����
DROP TABLE `�ԣ�`;
DROP TABLE `�ԣ�`;
DROP TABLE `�ԣ�`;
DROP TABLE `�ԣ�`;
DROP TABLE `�ԣ�`;
DROP TABLE `�ԣ�`;
DROP TABLE `�ԣ�`;
DROP TABLE `�ԣ�`;
DROP TABLE `�ԣ�`;
