drop table if exists `�ԣ�`;
drop table if exists `�ԣ�`;
drop table if exists `�ԣ�`;
drop table if exists `�ԣ�`;
drop table if exists `�ԣ�`;
drop table if exists `�ԣ�`;
drop table if exists `�ԣ�`;
drop table if exists `�ԣ�`;
drop table if exists `�ԣ�`;
SET NAMES ujis;
SET character_set_blockchain = ucs2;
Warnings:
Warning	1681	Updating 'character_set_blockchain' is deprecated. It will be made read-only in a future release.
SET collation_connection = ucs2_general_ci;
CREATE TABLE `�ԣ�` (`�ã�` char(5), INDEX(`�ã�`)) DEFAULT CHARSET = ucs2 engine = innodb;
CREATE TABLE `�ԣ�` (`�ã�` char(5), INDEX(`�ã�`)) DEFAULT CHARSET = ucs2 engine = innodb;
CREATE TABLE `�ԣ�` (`�ã�` char(5), INDEX(`�ã�`)) DEFAULT CHARSET = ucs2 engine = innodb;
CREATE TABLE `�ԣ�` (`�ã�` char(5), INDEX(`�ã�`)) DEFAULT CHARSET = ucs2 engine = myisam;
CREATE TABLE `�ԣ�` (`�ã�` char(5), INDEX(`�ã�`)) DEFAULT CHARSET = ucs2 engine = myisam;
CREATE TABLE `�ԣ�` (`�ã�` char(5), INDEX(`�ã�`)) DEFAULT CHARSET = ucs2 engine = myisam;
CREATE TABLE `�ԣ�` (`�ã�` char(5), INDEX(`�ã�`)) DEFAULT CHARSET = ucs2 engine = MEMORY;
CREATE TABLE `�ԣ�` (`�ã�` char(5), INDEX(`�ã�`)) DEFAULT CHARSET = ucs2 engine = MEMORY;
CREATE TABLE `�ԣ�` (`�ã�` char(5), INDEX(`�ã�`)) DEFAULT CHARSET = ucs2 engine = MEMORY;
INSERT INTO `�ԣ�` VALUES ('����������'),('��������'),('������'),('����'),('��'),('');
INSERT INTO `�ԣ�` VALUES ('����������'),('��������'),('������'),('����'),('��'),('');
INSERT INTO `�ԣ�` VALUES ('��܏�ݏ�ޏ�ߏ��'),('��܏�ݏ�ޏ��'),('��܏�ݏ��'),('��܏��'),('���'),('');
INSERT INTO `�ԣ�` VALUES ('����������'),('��������'),('������'),('����'),('��'),('');
INSERT INTO `�ԣ�` VALUES ('����������'),('��������'),('������'),('����'),('��'),('');
INSERT INTO `�ԣ�` VALUES ('��܏�ݏ�ޏ�ߏ��'),('��܏�ݏ�ޏ��'),('��܏�ݏ��'),('��܏��'),('���'),('');
INSERT INTO `�ԣ�` VALUES ('����������'),('��������'),('������'),('����'),('��'),('');
INSERT INTO `�ԣ�` VALUES ('����������'),('��������'),('������'),('����'),('��'),('');
INSERT INTO `�ԣ�` VALUES ('��܏�ݏ�ޏ�ߏ��'),('��܏�ݏ�ޏ��'),('��܏�ݏ��'),('��܏��'),('���'),('');
SELECT `�ã�`, RPAD(`�ã�`,5,'��') FROM `�ԣ�`;
�ã�	RPAD(`�ã�`,5,'��')
	����������
��	����������
����	����������
������	����������
��������	����������
����������	����������
SELECT `�ã�`, RPAD(`�ã�`,5,'��') FROM `�ԣ�`;
�ã�	RPAD(`�ã�`,5,'��')
	�أأأأ�
��	���أأأ�
����	�����أأ�
������	�������أ�
��������	����������
����������	����������
SELECT `�ã�`, RPAD(`�ã�`,5,'���') FROM `�ԣ�`;
�ã�	RPAD(`�ã�`,5,'���')
	���������������
���	��܏�����������
��܏��	��܏�ݏ��������
��܏�ݏ��	��܏�ݏ�ޏ�����
��܏�ݏ�ޏ��	��܏�ݏ�ޏ�ߏ��
��܏�ݏ�ޏ�ߏ��	��܏�ݏ�ޏ�ߏ��
SELECT `�ã�`, RPAD(`�ã�`,5,'��') FROM `�ԣ�`;
�ã�	RPAD(`�ã�`,5,'��')
	����������
��	����������
����	����������
������	����������
��������	����������
����������	����������
SELECT `�ã�`, RPAD(`�ã�`,5,'��') FROM `�ԣ�`;
�ã�	RPAD(`�ã�`,5,'��')
	�أأأأ�
��	���أأأ�
����	�����أأ�
������	�������أ�
��������	����������
����������	����������
SELECT `�ã�`, RPAD(`�ã�`,5,'���' ) FROM `�ԣ�`;
�ã�	RPAD(`�ã�`,5,'���' )
	���������������
���	��܏�����������
��܏��	��܏�ݏ��������
��܏�ݏ��	��܏�ݏ�ޏ�����
��܏�ݏ�ޏ��	��܏�ݏ�ޏ�ߏ��
��܏�ݏ�ޏ�ߏ��	��܏�ݏ�ޏ�ߏ��
SELECT `�ã�`, RPAD(`�ã�`,5,'��') FROM `�ԣ�`;
�ã�	RPAD(`�ã�`,5,'��')
����������	����������
��������	����������
������	����������
����	����������
��	����������
	����������
SELECT `�ã�`, RPAD(`�ã�`,5,'��') FROM `�ԣ�`;
�ã�	RPAD(`�ã�`,5,'��')
����������	����������
��������	����������
������	�������أ�
����	�����أأ�
��	���أأأ�
	�أأأأ�
SELECT `�ã�`, RPAD(`�ã�`,5,'���' ) FROM `�ԣ�`;
�ã�	RPAD(`�ã�`,5,'���' )
��܏�ݏ�ޏ�ߏ��	��܏�ݏ�ޏ�ߏ��
��܏�ݏ�ޏ��	��܏�ݏ�ޏ�ߏ��
��܏�ݏ��	��܏�ݏ�ޏ�����
��܏��	��܏�ݏ��������
���	��܏�����������
	���������������
DROP TABLE `�ԣ�`;
DROP TABLE `�ԣ�`;
DROP TABLE `�ԣ�`;
DROP TABLE `�ԣ�`;
DROP TABLE `�ԣ�`;
DROP TABLE `�ԣ�`;
DROP TABLE `�ԣ�`;
DROP TABLE `�ԣ�`;
DROP TABLE `�ԣ�`;
