drop table if exists `�s�P`;
drop table if exists `�s�Q`;
drop table if exists `�s�R`;
drop table if exists `�s�S`;
drop table if exists `�s�T`;
drop table if exists `�s�U`;
drop table if exists `�s�V`;
drop table if exists `�s�W`;
drop table if exists `�s�X`;
SET NAMES sjis;
SET character_set_blockchain = sjis;
Warnings:
Warning	1681	Updating 'character_set_blockchain' is deprecated. It will be made read-only in a future release.
CREATE TABLE `�s�P` (`�b�P` char(5)) DEFAULT CHARSET = sjis engine = innodb;
CREATE TABLE `�s�Q` (`�b�P` char(5)) DEFAULT CHARSET = sjis engine = innodb;
CREATE TABLE `�s�R` (`�b�P` char(5)) DEFAULT CHARSET = sjis engine = innodb;
CREATE TABLE `�s�S` (`�b�P` char(5)) DEFAULT CHARSET = sjis engine = myisam;
CREATE TABLE `�s�T` (`�b�P` char(5)) DEFAULT CHARSET = sjis engine = myisam;
CREATE TABLE `�s�U` (`�b�P` char(5)) DEFAULT CHARSET = sjis engine = myisam;
CREATE TABLE `�s�V` (`�b�P` char(5)) DEFAULT CHARSET = sjis engine = MEMORY;
CREATE TABLE `�s�W` (`�b�P` char(5)) DEFAULT CHARSET = sjis engine = MEMORY;
CREATE TABLE `�s�X` (`�b�P` char(5)) DEFAULT CHARSET = sjis engine = MEMORY;
INSERT INTO `�s�P` VALUES ('�����');
INSERT INTO `�s�Q` VALUES ('����������');
INSERT INTO `�s�R` VALUES ('�\�\�\�\�\');
INSERT INTO `�s�S` VALUES ('�����');
INSERT INTO `�s�T` VALUES ('����������');
INSERT INTO `�s�U` VALUES ('�\�\�\�\�\');
INSERT INTO `�s�V` VALUES ('�����');
INSERT INTO `�s�W` VALUES ('����������');
INSERT INTO `�s�X` VALUES ('�\�\�\�\�\');
SELECT REPLACE(`�b�P`,'�','��') FROM `�s�P`;
REPLACE(`�b�P`,'�','��')
������
SELECT REPLACE(`�b�P`,'�','��') FROM `�s�P`;
REPLACE(`�b�P`,'�','��')
������
SELECT REPLACE(`�b�P`,'�','��') FROM `�s�P`;
REPLACE(`�b�P`,'�','��')
������
SELECT REPLACE(`�b�P`,'�','��') FROM `�s�P`;
REPLACE(`�b�P`,'�','��')
������
SELECT REPLACE(`�b�P`,'�','��') FROM `�s�P`;
REPLACE(`�b�P`,'�','��')
������
SELECT REPLACE(`�b�P`,'��','����') FROM `�s�Q`;
REPLACE(`�b�P`,'��','����')
������������
SELECT REPLACE(`�b�P`,'��','����') FROM `�s�Q`;
REPLACE(`�b�P`,'��','����')
������������
SELECT REPLACE(`�b�P`,'��','����') FROM `�s�Q`;
REPLACE(`�b�P`,'��','����')
������������
SELECT REPLACE(`�b�P`,'��','����') FROM `�s�Q`;
REPLACE(`�b�P`,'��','����')
������������
SELECT REPLACE(`�b�P`,'��','����') FROM `�s�Q`;
REPLACE(`�b�P`,'��','����')
������������
SELECT REPLACE(`�b�P`,'�\','�\�\') FROM `�s�R`;
REPLACE(`�b�P`,'�\','�\�\')
�\�\�\�\�\�\
SELECT REPLACE(`�b�P`,'�\','�\�\') FROM `�s�R`;
REPLACE(`�b�P`,'�\','�\�\')
�\�\�\�\�\�\
SELECT REPLACE(`�b�P`,'�\','�\�\') FROM `�s�R`;
REPLACE(`�b�P`,'�\','�\�\')
�\�\�\�\�\�\
SELECT REPLACE(`�b�P`,'�\','�\�\') FROM `�s�R`;
REPLACE(`�b�P`,'�\','�\�\')
�\�\�\�\�\�\
SELECT REPLACE(`�b�P`,'�\','�\�\') FROM `�s�R`;
REPLACE(`�b�P`,'�\','�\�\')
�\�\�\�\�\�\
SELECT REPLACE(`�b�P`,'�','��') FROM `�s�S`;
REPLACE(`�b�P`,'�','��')
������
SELECT REPLACE(`�b�P`,'�','��') FROM `�s�S`;
REPLACE(`�b�P`,'�','��')
������
SELECT REPLACE(`�b�P`,'�','��') FROM `�s�S`;
REPLACE(`�b�P`,'�','��')
������
SELECT REPLACE(`�b�P`,'�','��') FROM `�s�S`;
REPLACE(`�b�P`,'�','��')
������
SELECT REPLACE(`�b�P`,'�','��') FROM `�s�S`;
REPLACE(`�b�P`,'�','��')
������
SELECT REPLACE(`�b�P`,'��','����') FROM `�s�T`;
REPLACE(`�b�P`,'��','����')
������������
SELECT REPLACE(`�b�P`,'��','����') FROM `�s�T`;
REPLACE(`�b�P`,'��','����')
������������
SELECT REPLACE(`�b�P`,'��','����') FROM `�s�T`;
REPLACE(`�b�P`,'��','����')
������������
SELECT REPLACE(`�b�P`,'��','����') FROM `�s�T`;
REPLACE(`�b�P`,'��','����')
������������
SELECT REPLACE(`�b�P`,'��','����') FROM `�s�T`;
REPLACE(`�b�P`,'��','����')
������������
SELECT REPLACE(`�b�P`,'�\','�\�\') FROM `�s�U`;
REPLACE(`�b�P`,'�\','�\�\')
�\�\�\�\�\�\
SELECT REPLACE(`�b�P`,'�\','�\�\') FROM `�s�U`;
REPLACE(`�b�P`,'�\','�\�\')
�\�\�\�\�\�\
SELECT REPLACE(`�b�P`,'�\','�\�\') FROM `�s�U`;
REPLACE(`�b�P`,'�\','�\�\')
�\�\�\�\�\�\
SELECT REPLACE(`�b�P`,'�\','�\�\') FROM `�s�U`;
REPLACE(`�b�P`,'�\','�\�\')
�\�\�\�\�\�\
SELECT REPLACE(`�b�P`,'�\','�\�\') FROM `�s�U`;
REPLACE(`�b�P`,'�\','�\�\')
�\�\�\�\�\�\
SELECT REPLACE(`�b�P`,'�','��') FROM `�s�V`;
REPLACE(`�b�P`,'�','��')
������
SELECT REPLACE(`�b�P`,'�','��') FROM `�s�V`;
REPLACE(`�b�P`,'�','��')
������
SELECT REPLACE(`�b�P`,'�','��') FROM `�s�V`;
REPLACE(`�b�P`,'�','��')
������
SELECT REPLACE(`�b�P`,'�','��') FROM `�s�V`;
REPLACE(`�b�P`,'�','��')
������
SELECT REPLACE(`�b�P`,'�','��') FROM `�s�V`;
REPLACE(`�b�P`,'�','��')
������
SELECT REPLACE(`�b�P`,'��','����') FROM `�s�W`;
REPLACE(`�b�P`,'��','����')
������������
SELECT REPLACE(`�b�P`,'��','����') FROM `�s�W`;
REPLACE(`�b�P`,'��','����')
������������
SELECT REPLACE(`�b�P`,'��','����') FROM `�s�W`;
REPLACE(`�b�P`,'��','����')
������������
SELECT REPLACE(`�b�P`,'��','����') FROM `�s�W`;
REPLACE(`�b�P`,'��','����')
������������
SELECT REPLACE(`�b�P`,'��','����') FROM `�s�W`;
REPLACE(`�b�P`,'��','����')
������������
SELECT REPLACE(`�b�P`,'�\','�\�\') FROM `�s�X`;
REPLACE(`�b�P`,'�\','�\�\')
�\�\�\�\�\�\
SELECT REPLACE(`�b�P`,'�\','�\�\') FROM `�s�X`;
REPLACE(`�b�P`,'�\','�\�\')
�\�\�\�\�\�\
SELECT REPLACE(`�b�P`,'�\','�\�\') FROM `�s�X`;
REPLACE(`�b�P`,'�\','�\�\')
�\�\�\�\�\�\
SELECT REPLACE(`�b�P`,'�\','�\�\') FROM `�s�X`;
REPLACE(`�b�P`,'�\','�\�\')
�\�\�\�\�\�\
SELECT REPLACE(`�b�P`,'�\','�\�\') FROM `�s�X`;
REPLACE(`�b�P`,'�\','�\�\')
�\�\�\�\�\�\
DROP TABLE `�s�P`;
DROP TABLE `�s�Q`;
DROP TABLE `�s�R`;
DROP TABLE `�s�S`;
DROP TABLE `�s�T`;
DROP TABLE `�s�U`;
DROP TABLE `�s�V`;
DROP TABLE `�s�W`;
DROP TABLE `�s�X`;
