drop table if exists `�ԣ�`;
drop table if exists `�ԣ�`;
drop table if exists `�ԣ�`;
drop table if exists `�ԣ�`;
drop table if exists `�ԣ�`;
drop table if exists `�ԣ�`;
drop table if exists `�ԣ�`;
drop table if exists `�ԣ�`;
drop table if exists `�ԣ�`;
SET NAMES ujis;
SET character_set_blockchain = ucs2;
Warnings:
Warning	1681	Updating 'character_set_blockchain' is deprecated. It will be made read-only in a future release.
SET collation_connection = ucs2_general_ci;
CREATE TABLE `�ԣ�` (`�ã�` char(5), INDEX(`�ã�`)) DEFAULT CHARSET = ucs2 engine = innodb;
CREATE TABLE `�ԣ�` (`�ã�` char(5), INDEX(`�ã�`)) DEFAULT CHARSET = ucs2 engine = innodb;
CREATE TABLE `�ԣ�` (`�ã�` char(5), INDEX(`�ã�`)) DEFAULT CHARSET = ucs2 engine = innodb;
CREATE TABLE `�ԣ�` (`�ã�` char(5), INDEX(`�ã�`)) DEFAULT CHARSET = ucs2 engine = myisam;
CREATE TABLE `�ԣ�` (`�ã�` char(5), INDEX(`�ã�`)) DEFAULT CHARSET = ucs2 engine = myisam;
CREATE TABLE `�ԣ�` (`�ã�` char(5), INDEX(`�ã�`)) DEFAULT CHARSET = ucs2 engine = myisam;
CREATE TABLE `�ԣ�` (`�ã�` char(5), INDEX(`�ã�`)) DEFAULT CHARSET = ucs2 engine = MEMORY;
CREATE TABLE `�ԣ�` (`�ã�` char(5), INDEX(`�ã�`)) DEFAULT CHARSET = ucs2 engine = MEMORY;
CREATE TABLE `�ԣ�` (`�ã�` char(5), INDEX(`�ã�`)) DEFAULT CHARSET = ucs2 engine = MEMORY;
INSERT INTO `�ԣ�` VALUES ('����������'),('��������'),('������'),('����'),('��'),('');
INSERT INTO `�ԣ�` VALUES ('����������'),('��������'),('������'),('����'),('��'),('');
INSERT INTO `�ԣ�` VALUES ('��܏�ݏ�ޏ�ߏ��'),('��܏�ݏ�ޏ��'),('��܏�ݏ��'),('��܏��'),('���'),('');
INSERT INTO `�ԣ�` VALUES ('����������'),('��������'),('������'),('����'),('��'),('');
INSERT INTO `�ԣ�` VALUES ('����������'),('��������'),('������'),('����'),('��'),('');
INSERT INTO `�ԣ�` VALUES ('��܏�ݏ�ޏ�ߏ��'),('��܏�ݏ�ޏ��'),('��܏�ݏ��'),('��܏��'),('���'),('');
INSERT INTO `�ԣ�` VALUES ('����������'),('��������'),('������'),('����'),('��'),('');
INSERT INTO `�ԣ�` VALUES ('����������'),('��������'),('������'),('����'),('��'),('');
INSERT INTO `�ԣ�` VALUES ('��܏�ݏ�ޏ�ߏ��'),('��܏�ݏ�ޏ��'),('��܏�ݏ��'),('��܏��'),('���'),('');
SELECT `�ã�`, SUBSTRING(`�ã�`,1,0) FROM `�ԣ�`;
�ã�	SUBSTRING(`�ã�`,1,0)
	
��	
����	
������	
��������	
����������	
SELECT `�ã�`, SUBSTRING(`�ã�`,1,1) FROM `�ԣ�`;
�ã�	SUBSTRING(`�ã�`,1,1)
	
��	��
����	��
������	��
��������	��
����������	��
SELECT `�ã�`, SUBSTRING(`�ã�`,1,2) FROM `�ԣ�`;
�ã�	SUBSTRING(`�ã�`,1,2)
	
��	��
����	����
������	����
��������	����
����������	����
SELECT `�ã�`, SUBSTRING(`�ã�`,1,3) FROM `�ԣ�`;
�ã�	SUBSTRING(`�ã�`,1,3)
	
��	��
����	����
������	������
��������	������
����������	������
SELECT `�ã�`, SUBSTRING(`�ã�`,1,4) FROM `�ԣ�`;
�ã�	SUBSTRING(`�ã�`,1,4)
	
��	��
����	����
������	������
��������	��������
����������	��������
SELECT `�ã�`, SUBSTRING(`�ã�`,1,5) FROM `�ԣ�`;
�ã�	SUBSTRING(`�ã�`,1,5)
	
��	��
����	����
������	������
��������	��������
����������	����������
SELECT `�ã�`, SUBSTRING(`�ã�`,1,6) FROM `�ԣ�`;
�ã�	SUBSTRING(`�ã�`,1,6)
	
��	��
����	����
������	������
��������	��������
����������	����������
SELECT `�ã�`, SUBSTRING(`�ã�` FROM 1 FOR 0) FROM `�ԣ�`;
�ã�	SUBSTRING(`�ã�` FROM 1 FOR 0)
	
��	
����	
������	
��������	
����������	
SELECT `�ã�`, SUBSTRING(`�ã�` FROM 1 FOR 1) FROM `�ԣ�`;
�ã�	SUBSTRING(`�ã�` FROM 1 FOR 1)
	
��	��
����	��
������	��
��������	��
����������	��
SELECT `�ã�`, SUBSTRING(`�ã�` FROM 1 FOR 2) FROM `�ԣ�`;
�ã�	SUBSTRING(`�ã�` FROM 1 FOR 2)
	
��	��
����	����
������	����
��������	����
����������	����
SELECT `�ã�`, SUBSTRING(`�ã�` FROM 1 FOR 3) FROM `�ԣ�`;
�ã�	SUBSTRING(`�ã�` FROM 1 FOR 3)
	
��	��
����	����
������	������
��������	������
����������	������
SELECT `�ã�`, SUBSTRING(`�ã�` FROM 1 FOR 4) FROM `�ԣ�`;
�ã�	SUBSTRING(`�ã�` FROM 1 FOR 4)
	
��	��
����	����
������	������
��������	��������
����������	��������
SELECT `�ã�`, SUBSTRING(`�ã�` FROM 1 FOR 5) FROM `�ԣ�`;
�ã�	SUBSTRING(`�ã�` FROM 1 FOR 5)
	
��	��
����	����
������	������
��������	��������
����������	����������
SELECT `�ã�`, SUBSTRING(`�ã�` FROM 1 FOR 6) FROM `�ԣ�`;
�ã�	SUBSTRING(`�ã�` FROM 1 FOR 6)
	
��	��
����	����
������	������
��������	��������
����������	����������
SELECT `�ã�`, SUBSTRING(`�ã�`,1,0) FROM `�ԣ�`;
�ã�	SUBSTRING(`�ã�`,1,0)
	
��	
����	
������	
��������	
����������	
SELECT `�ã�`, SUBSTRING(`�ã�`,1,1) FROM `�ԣ�`;
�ã�	SUBSTRING(`�ã�`,1,1)
	
��	��
����	��
������	��
��������	��
����������	��
SELECT `�ã�`, SUBSTRING(`�ã�`,1,2) FROM `�ԣ�`;
�ã�	SUBSTRING(`�ã�`,1,2)
	
��	��
����	����
������	����
��������	����
����������	����
SELECT `�ã�`, SUBSTRING(`�ã�`,1,3) FROM `�ԣ�`;
�ã�	SUBSTRING(`�ã�`,1,3)
	
��	��
����	����
������	������
��������	������
����������	������
SELECT `�ã�`, SUBSTRING(`�ã�`,1,4) FROM `�ԣ�`;
�ã�	SUBSTRING(`�ã�`,1,4)
	
��	��
����	����
������	������
��������	��������
����������	��������
SELECT `�ã�`, SUBSTRING(`�ã�`,1,5) FROM `�ԣ�`;
�ã�	SUBSTRING(`�ã�`,1,5)
	
��	��
����	����
������	������
��������	��������
����������	����������
SELECT `�ã�`, SUBSTRING(`�ã�`,1,6) FROM `�ԣ�`;
�ã�	SUBSTRING(`�ã�`,1,6)
	
��	��
����	����
������	������
��������	��������
����������	����������
SELECT `�ã�`, SUBSTRING(`�ã�` FROM 1 FOR 0) FROM `�ԣ�`;
�ã�	SUBSTRING(`�ã�` FROM 1 FOR 0)
	
��	
����	
������	
��������	
����������	
SELECT `�ã�`, SUBSTRING(`�ã�` FROM 1 FOR 1) FROM `�ԣ�`;
�ã�	SUBSTRING(`�ã�` FROM 1 FOR 1)
	
��	��
����	��
������	��
��������	��
����������	��
SELECT `�ã�`, SUBSTRING(`�ã�` FROM 1 FOR 2) FROM `�ԣ�`;
�ã�	SUBSTRING(`�ã�` FROM 1 FOR 2)
	
��	��
����	����
������	����
��������	����
����������	����
SELECT `�ã�`, SUBSTRING(`�ã�` FROM 1 FOR 3) FROM `�ԣ�`;
�ã�	SUBSTRING(`�ã�` FROM 1 FOR 3)
	
��	��
����	����
������	������
��������	������
����������	������
SELECT `�ã�`, SUBSTRING(`�ã�` FROM 1 FOR 4) FROM `�ԣ�`;
�ã�	SUBSTRING(`�ã�` FROM 1 FOR 4)
	
��	��
����	����
������	������
��������	��������
����������	��������
SELECT `�ã�`, SUBSTRING(`�ã�` FROM 1 FOR 5) FROM `�ԣ�`;
�ã�	SUBSTRING(`�ã�` FROM 1 FOR 5)
	
��	��
����	����
������	������
��������	��������
����������	����������
SELECT `�ã�`, SUBSTRING(`�ã�` FROM 1 FOR 6) FROM `�ԣ�`;
�ã�	SUBSTRING(`�ã�` FROM 1 FOR 6)
	
��	��
����	����
������	������
��������	��������
����������	����������
SELECT `�ã�`, SUBSTRING(`�ã�`,1,0) FROM `�ԣ�`;
�ã�	SUBSTRING(`�ã�`,1,0)
	
���	
��܏��	
��܏�ݏ��	
��܏�ݏ�ޏ��	
��܏�ݏ�ޏ�ߏ��	
SELECT `�ã�`, SUBSTRING(`�ã�`,1,1) FROM `�ԣ�`;
�ã�	SUBSTRING(`�ã�`,1,1)
	
���	���
��܏��	���
��܏�ݏ��	���
��܏�ݏ�ޏ��	���
��܏�ݏ�ޏ�ߏ��	���
SELECT `�ã�`, SUBSTRING(`�ã�`,1,2) FROM `�ԣ�`;
�ã�	SUBSTRING(`�ã�`,1,2)
	
���	���
��܏��	��܏��
��܏�ݏ��	��܏��
��܏�ݏ�ޏ��	��܏��
��܏�ݏ�ޏ�ߏ��	��܏��
SELECT `�ã�`, SUBSTRING(`�ã�`,1,3) FROM `�ԣ�`;
�ã�	SUBSTRING(`�ã�`,1,3)
	
���	���
��܏��	��܏��
��܏�ݏ��	��܏�ݏ��
��܏�ݏ�ޏ��	��܏�ݏ��
��܏�ݏ�ޏ�ߏ��	��܏�ݏ��
SELECT `�ã�`, SUBSTRING(`�ã�`,1,4) FROM `�ԣ�`;
�ã�	SUBSTRING(`�ã�`,1,4)
	
���	���
��܏��	��܏��
��܏�ݏ��	��܏�ݏ��
��܏�ݏ�ޏ��	��܏�ݏ�ޏ��
��܏�ݏ�ޏ�ߏ��	��܏�ݏ�ޏ��
SELECT `�ã�`, SUBSTRING(`�ã�`,1,5) FROM `�ԣ�`;
�ã�	SUBSTRING(`�ã�`,1,5)
	
���	���
��܏��	��܏��
��܏�ݏ��	��܏�ݏ��
��܏�ݏ�ޏ��	��܏�ݏ�ޏ��
��܏�ݏ�ޏ�ߏ��	��܏�ݏ�ޏ�ߏ��
SELECT `�ã�`, SUBSTRING(`�ã�`,1,6) FROM `�ԣ�`;
�ã�	SUBSTRING(`�ã�`,1,6)
	
���	���
��܏��	��܏��
��܏�ݏ��	��܏�ݏ��
��܏�ݏ�ޏ��	��܏�ݏ�ޏ��
��܏�ݏ�ޏ�ߏ��	��܏�ݏ�ޏ�ߏ��
SELECT `�ã�`, SUBSTRING(`�ã�` FROM 1 FOR 0) FROM `�ԣ�`;
�ã�	SUBSTRING(`�ã�` FROM 1 FOR 0)
	
���	
��܏��	
��܏�ݏ��	
��܏�ݏ�ޏ��	
��܏�ݏ�ޏ�ߏ��	
SELECT `�ã�`, SUBSTRING(`�ã�` FROM 1 FOR 1) FROM `�ԣ�`;
�ã�	SUBSTRING(`�ã�` FROM 1 FOR 1)
	
���	���
��܏��	���
��܏�ݏ��	���
��܏�ݏ�ޏ��	���
��܏�ݏ�ޏ�ߏ��	���
SELECT `�ã�`, SUBSTRING(`�ã�` FROM 1 FOR 2) FROM `�ԣ�`;
�ã�	SUBSTRING(`�ã�` FROM 1 FOR 2)
	
���	���
��܏��	��܏��
��܏�ݏ��	��܏��
��܏�ݏ�ޏ��	��܏��
��܏�ݏ�ޏ�ߏ��	��܏��
SELECT `�ã�`, SUBSTRING(`�ã�` FROM 1 FOR 3) FROM `�ԣ�`;
�ã�	SUBSTRING(`�ã�` FROM 1 FOR 3)
	
���	���
��܏��	��܏��
��܏�ݏ��	��܏�ݏ��
��܏�ݏ�ޏ��	��܏�ݏ��
��܏�ݏ�ޏ�ߏ��	��܏�ݏ��
SELECT `�ã�`, SUBSTRING(`�ã�` FROM 1 FOR 4) FROM `�ԣ�`;
�ã�	SUBSTRING(`�ã�` FROM 1 FOR 4)
	
���	���
��܏��	��܏��
��܏�ݏ��	��܏�ݏ��
��܏�ݏ�ޏ��	��܏�ݏ�ޏ��
��܏�ݏ�ޏ�ߏ��	��܏�ݏ�ޏ��
SELECT `�ã�`, SUBSTRING(`�ã�` FROM 1 FOR 5) FROM `�ԣ�`;
�ã�	SUBSTRING(`�ã�` FROM 1 FOR 5)
	
���	���
��܏��	��܏��
��܏�ݏ��	��܏�ݏ��
��܏�ݏ�ޏ��	��܏�ݏ�ޏ��
��܏�ݏ�ޏ�ߏ��	��܏�ݏ�ޏ�ߏ��
SELECT `�ã�`, SUBSTRING(`�ã�` FROM 1 FOR 6) FROM `�ԣ�`;
�ã�	SUBSTRING(`�ã�` FROM 1 FOR 6)
	
���	���
��܏��	��܏��
��܏�ݏ��	��܏�ݏ��
��܏�ݏ�ޏ��	��܏�ݏ�ޏ��
��܏�ݏ�ޏ�ߏ��	��܏�ݏ�ޏ�ߏ��
SELECT `�ã�`, SUBSTRING(`�ã�`,1,0) FROM `�ԣ�`;
�ã�	SUBSTRING(`�ã�`,1,0)
	
��	
����	
������	
��������	
����������	
SELECT `�ã�`, SUBSTRING(`�ã�`,1,1) FROM `�ԣ�`;
�ã�	SUBSTRING(`�ã�`,1,1)
	
��	��
����	��
������	��
��������	��
����������	��
SELECT `�ã�`, SUBSTRING(`�ã�`,1,2) FROM `�ԣ�`;
�ã�	SUBSTRING(`�ã�`,1,2)
	
��	��
����	����
������	����
��������	����
����������	����
SELECT `�ã�`, SUBSTRING(`�ã�`,1,3) FROM `�ԣ�`;
�ã�	SUBSTRING(`�ã�`,1,3)
	
��	��
����	����
������	������
��������	������
����������	������
SELECT `�ã�`, SUBSTRING(`�ã�`,1,4) FROM `�ԣ�`;
�ã�	SUBSTRING(`�ã�`,1,4)
	
��	��
����	����
������	������
��������	��������
����������	��������
SELECT `�ã�`, SUBSTRING(`�ã�`,1,5) FROM `�ԣ�`;
�ã�	SUBSTRING(`�ã�`,1,5)
	
��	��
����	����
������	������
��������	��������
����������	����������
SELECT `�ã�`, SUBSTRING(`�ã�`,1,6) FROM `�ԣ�`;
�ã�	SUBSTRING(`�ã�`,1,6)
	
��	��
����	����
������	������
��������	��������
����������	����������
SELECT `�ã�`, SUBSTRING(`�ã�` FROM 1 FOR 0) FROM `�ԣ�`;
�ã�	SUBSTRING(`�ã�` FROM 1 FOR 0)
	
��	
����	
������	
��������	
����������	
SELECT `�ã�`, SUBSTRING(`�ã�` FROM 1 FOR 1) FROM `�ԣ�`;
�ã�	SUBSTRING(`�ã�` FROM 1 FOR 1)
	
��	��
����	��
������	��
��������	��
����������	��
SELECT `�ã�`, SUBSTRING(`�ã�` FROM 1 FOR 2) FROM `�ԣ�`;
�ã�	SUBSTRING(`�ã�` FROM 1 FOR 2)
	
��	��
����	����
������	����
��������	����
����������	����
SELECT `�ã�`, SUBSTRING(`�ã�` FROM 1 FOR 3) FROM `�ԣ�`;
�ã�	SUBSTRING(`�ã�` FROM 1 FOR 3)
	
��	��
����	����
������	������
��������	������
����������	������
SELECT `�ã�`, SUBSTRING(`�ã�` FROM 1 FOR 4) FROM `�ԣ�`;
�ã�	SUBSTRING(`�ã�` FROM 1 FOR 4)
	
��	��
����	����
������	������
��������	��������
����������	��������
SELECT `�ã�`, SUBSTRING(`�ã�` FROM 1 FOR 5) FROM `�ԣ�`;
�ã�	SUBSTRING(`�ã�` FROM 1 FOR 5)
	
��	��
����	����
������	������
��������	��������
����������	����������
SELECT `�ã�`, SUBSTRING(`�ã�` FROM 1 FOR 6) FROM `�ԣ�`;
�ã�	SUBSTRING(`�ã�` FROM 1 FOR 6)
	
��	��
����	����
������	������
��������	��������
����������	����������
SELECT `�ã�`, SUBSTRING(`�ã�`,1,0) FROM `�ԣ�`;
�ã�	SUBSTRING(`�ã�`,1,0)
	
��	
����	
������	
��������	
����������	
SELECT `�ã�`, SUBSTRING(`�ã�`,1,1) FROM `�ԣ�`;
�ã�	SUBSTRING(`�ã�`,1,1)
	
��	��
����	��
������	��
��������	��
����������	��
SELECT `�ã�`, SUBSTRING(`�ã�`,1,2) FROM `�ԣ�`;
�ã�	SUBSTRING(`�ã�`,1,2)
	
��	��
����	����
������	����
��������	����
����������	����
SELECT `�ã�`, SUBSTRING(`�ã�`,1,3) FROM `�ԣ�`;
�ã�	SUBSTRING(`�ã�`,1,3)
	
��	��
����	����
������	������
��������	������
����������	������
SELECT `�ã�`, SUBSTRING(`�ã�`,1,4) FROM `�ԣ�`;
�ã�	SUBSTRING(`�ã�`,1,4)
	
��	��
����	����
������	������
��������	��������
����������	��������
SELECT `�ã�`, SUBSTRING(`�ã�`,1,5) FROM `�ԣ�`;
�ã�	SUBSTRING(`�ã�`,1,5)
	
��	��
����	����
������	������
��������	��������
����������	����������
SELECT `�ã�`, SUBSTRING(`�ã�`,1,6) FROM `�ԣ�`;
�ã�	SUBSTRING(`�ã�`,1,6)
	
��	��
����	����
������	������
��������	��������
����������	����������
SELECT `�ã�`, SUBSTRING(`�ã�` FROM 1 FOR 0) FROM `�ԣ�`;
�ã�	SUBSTRING(`�ã�` FROM 1 FOR 0)
	
��	
����	
������	
��������	
����������	
SELECT `�ã�`, SUBSTRING(`�ã�` FROM 1 FOR 1) FROM `�ԣ�`;
�ã�	SUBSTRING(`�ã�` FROM 1 FOR 1)
	
��	��
����	��
������	��
��������	��
����������	��
SELECT `�ã�`, SUBSTRING(`�ã�` FROM 1 FOR 2) FROM `�ԣ�`;
�ã�	SUBSTRING(`�ã�` FROM 1 FOR 2)
	
��	��
����	����
������	����
��������	����
����������	����
SELECT `�ã�`, SUBSTRING(`�ã�` FROM 1 FOR 3) FROM `�ԣ�`;
�ã�	SUBSTRING(`�ã�` FROM 1 FOR 3)
	
��	��
����	����
������	������
��������	������
����������	������
SELECT `�ã�`, SUBSTRING(`�ã�` FROM 1 FOR 4) FROM `�ԣ�`;
�ã�	SUBSTRING(`�ã�` FROM 1 FOR 4)
	
��	��
����	����
������	������
��������	��������
����������	��������
SELECT `�ã�`, SUBSTRING(`�ã�` FROM 1 FOR 5) FROM `�ԣ�`;
�ã�	SUBSTRING(`�ã�` FROM 1 FOR 5)
	
��	��
����	����
������	������
��������	��������
����������	����������
SELECT `�ã�`, SUBSTRING(`�ã�` FROM 1 FOR 6) FROM `�ԣ�`;
�ã�	SUBSTRING(`�ã�` FROM 1 FOR 6)
	
��	��
����	����
������	������
��������	��������
����������	����������
SELECT `�ã�`, SUBSTRING(`�ã�`,1,0) FROM `�ԣ�`;
�ã�	SUBSTRING(`�ã�`,1,0)
	
���	
��܏��	
��܏�ݏ��	
��܏�ݏ�ޏ��	
��܏�ݏ�ޏ�ߏ��	
SELECT `�ã�`, SUBSTRING(`�ã�`,1,1) FROM `�ԣ�`;
�ã�	SUBSTRING(`�ã�`,1,1)
	
���	���
��܏��	���
��܏�ݏ��	���
��܏�ݏ�ޏ��	���
��܏�ݏ�ޏ�ߏ��	���
SELECT `�ã�`, SUBSTRING(`�ã�`,1,2) FROM `�ԣ�`;
�ã�	SUBSTRING(`�ã�`,1,2)
	
���	���
��܏��	��܏��
��܏�ݏ��	��܏��
��܏�ݏ�ޏ��	��܏��
��܏�ݏ�ޏ�ߏ��	��܏��
SELECT `�ã�`, SUBSTRING(`�ã�`,1,3) FROM `�ԣ�`;
�ã�	SUBSTRING(`�ã�`,1,3)
	
���	���
��܏��	��܏��
��܏�ݏ��	��܏�ݏ��
��܏�ݏ�ޏ��	��܏�ݏ��
��܏�ݏ�ޏ�ߏ��	��܏�ݏ��
SELECT `�ã�`, SUBSTRING(`�ã�`,1,4) FROM `�ԣ�`;
�ã�	SUBSTRING(`�ã�`,1,4)
	
���	���
��܏��	��܏��
��܏�ݏ��	��܏�ݏ��
��܏�ݏ�ޏ��	��܏�ݏ�ޏ��
��܏�ݏ�ޏ�ߏ��	��܏�ݏ�ޏ��
SELECT `�ã�`, SUBSTRING(`�ã�`,1,5) FROM `�ԣ�`;
�ã�	SUBSTRING(`�ã�`,1,5)
	
���	���
��܏��	��܏��
��܏�ݏ��	��܏�ݏ��
��܏�ݏ�ޏ��	��܏�ݏ�ޏ��
��܏�ݏ�ޏ�ߏ��	��܏�ݏ�ޏ�ߏ��
SELECT `�ã�`, SUBSTRING(`�ã�`,1,6) FROM `�ԣ�`;
�ã�	SUBSTRING(`�ã�`,1,6)
	
���	���
��܏��	��܏��
��܏�ݏ��	��܏�ݏ��
��܏�ݏ�ޏ��	��܏�ݏ�ޏ��
��܏�ݏ�ޏ�ߏ��	��܏�ݏ�ޏ�ߏ��
SELECT `�ã�`, SUBSTRING(`�ã�` FROM 1 FOR 0) FROM `�ԣ�`;
�ã�	SUBSTRING(`�ã�` FROM 1 FOR 0)
	
���	
��܏��	
��܏�ݏ��	
��܏�ݏ�ޏ��	
��܏�ݏ�ޏ�ߏ��	
SELECT `�ã�`, SUBSTRING(`�ã�` FROM 1 FOR 1) FROM `�ԣ�`;
�ã�	SUBSTRING(`�ã�` FROM 1 FOR 1)
	
���	���
��܏��	���
��܏�ݏ��	���
��܏�ݏ�ޏ��	���
��܏�ݏ�ޏ�ߏ��	���
SELECT `�ã�`, SUBSTRING(`�ã�` FROM 1 FOR 2) FROM `�ԣ�`;
�ã�	SUBSTRING(`�ã�` FROM 1 FOR 2)
	
���	���
��܏��	��܏��
��܏�ݏ��	��܏��
��܏�ݏ�ޏ��	��܏��
��܏�ݏ�ޏ�ߏ��	��܏��
SELECT `�ã�`, SUBSTRING(`�ã�` FROM 1 FOR 3) FROM `�ԣ�`;
�ã�	SUBSTRING(`�ã�` FROM 1 FOR 3)
	
���	���
��܏��	��܏��
��܏�ݏ��	��܏�ݏ��
��܏�ݏ�ޏ��	��܏�ݏ��
��܏�ݏ�ޏ�ߏ��	��܏�ݏ��
SELECT `�ã�`, SUBSTRING(`�ã�` FROM 1 FOR 4) FROM `�ԣ�`;
�ã�	SUBSTRING(`�ã�` FROM 1 FOR 4)
	
���	���
��܏��	��܏��
��܏�ݏ��	��܏�ݏ��
��܏�ݏ�ޏ��	��܏�ݏ�ޏ��
��܏�ݏ�ޏ�ߏ��	��܏�ݏ�ޏ��
SELECT `�ã�`, SUBSTRING(`�ã�` FROM 1 FOR 5) FROM `�ԣ�`;
�ã�	SUBSTRING(`�ã�` FROM 1 FOR 5)
	
���	���
��܏��	��܏��
��܏�ݏ��	��܏�ݏ��
��܏�ݏ�ޏ��	��܏�ݏ�ޏ��
��܏�ݏ�ޏ�ߏ��	��܏�ݏ�ޏ�ߏ��
SELECT `�ã�`, SUBSTRING(`�ã�` FROM 1 FOR 6) FROM `�ԣ�`;
�ã�	SUBSTRING(`�ã�` FROM 1 FOR 6)
	
���	���
��܏��	��܏��
��܏�ݏ��	��܏�ݏ��
��܏�ݏ�ޏ��	��܏�ݏ�ޏ��
��܏�ݏ�ޏ�ߏ��	��܏�ݏ�ޏ�ߏ��
SELECT `�ã�`, SUBSTRING(`�ã�`,1,0) FROM `�ԣ�`;
�ã�	SUBSTRING(`�ã�`,1,0)
����������	
��������	
������	
����	
��	
	
SELECT `�ã�`, SUBSTRING(`�ã�`,1,1) FROM `�ԣ�`;
�ã�	SUBSTRING(`�ã�`,1,1)
����������	��
��������	��
������	��
����	��
��	��
	
SELECT `�ã�`, SUBSTRING(`�ã�`,1,2) FROM `�ԣ�`;
�ã�	SUBSTRING(`�ã�`,1,2)
����������	����
��������	����
������	����
����	����
��	��
	
SELECT `�ã�`, SUBSTRING(`�ã�`,1,3) FROM `�ԣ�`;
�ã�	SUBSTRING(`�ã�`,1,3)
����������	������
��������	������
������	������
����	����
��	��
	
SELECT `�ã�`, SUBSTRING(`�ã�`,1,4) FROM `�ԣ�`;
�ã�	SUBSTRING(`�ã�`,1,4)
����������	��������
��������	��������
������	������
����	����
��	��
	
SELECT `�ã�`, SUBSTRING(`�ã�`,1,5) FROM `�ԣ�`;
�ã�	SUBSTRING(`�ã�`,1,5)
����������	����������
��������	��������
������	������
����	����
��	��
	
SELECT `�ã�`, SUBSTRING(`�ã�`,1,6) FROM `�ԣ�`;
�ã�	SUBSTRING(`�ã�`,1,6)
����������	����������
��������	��������
������	������
����	����
��	��
	
SELECT `�ã�`, SUBSTRING(`�ã�` FROM 1 FOR 0) FROM `�ԣ�`;
�ã�	SUBSTRING(`�ã�` FROM 1 FOR 0)
����������	
��������	
������	
����	
��	
	
SELECT `�ã�`, SUBSTRING(`�ã�` FROM 1 FOR 1) FROM `�ԣ�`;
�ã�	SUBSTRING(`�ã�` FROM 1 FOR 1)
����������	��
��������	��
������	��
����	��
��	��
	
SELECT `�ã�`, SUBSTRING(`�ã�` FROM 1 FOR 2) FROM `�ԣ�`;
�ã�	SUBSTRING(`�ã�` FROM 1 FOR 2)
����������	����
��������	����
������	����
����	����
��	��
	
SELECT `�ã�`, SUBSTRING(`�ã�` FROM 1 FOR 3) FROM `�ԣ�`;
�ã�	SUBSTRING(`�ã�` FROM 1 FOR 3)
����������	������
��������	������
������	������
����	����
��	��
	
SELECT `�ã�`, SUBSTRING(`�ã�` FROM 1 FOR 4) FROM `�ԣ�`;
�ã�	SUBSTRING(`�ã�` FROM 1 FOR 4)
����������	��������
��������	��������
������	������
����	����
��	��
	
SELECT `�ã�`, SUBSTRING(`�ã�` FROM 1 FOR 5) FROM `�ԣ�`;
�ã�	SUBSTRING(`�ã�` FROM 1 FOR 5)
����������	����������
��������	��������
������	������
����	����
��	��
	
SELECT `�ã�`, SUBSTRING(`�ã�` FROM 1 FOR 6) FROM `�ԣ�`;
�ã�	SUBSTRING(`�ã�` FROM 1 FOR 6)
����������	����������
��������	��������
������	������
����	����
��	��
	
SELECT `�ã�`, SUBSTRING(`�ã�`,1,0) FROM `�ԣ�`;
�ã�	SUBSTRING(`�ã�`,1,0)
����������	
��������	
������	
����	
��	
	
SELECT `�ã�`, SUBSTRING(`�ã�`,1,1) FROM `�ԣ�`;
�ã�	SUBSTRING(`�ã�`,1,1)
����������	��
��������	��
������	��
����	��
��	��
	
SELECT `�ã�`, SUBSTRING(`�ã�`,1,2) FROM `�ԣ�`;
�ã�	SUBSTRING(`�ã�`,1,2)
����������	����
��������	����
������	����
����	����
��	��
	
SELECT `�ã�`, SUBSTRING(`�ã�`,1,3) FROM `�ԣ�`;
�ã�	SUBSTRING(`�ã�`,1,3)
����������	������
��������	������
������	������
����	����
��	��
	
SELECT `�ã�`, SUBSTRING(`�ã�`,1,4) FROM `�ԣ�`;
�ã�	SUBSTRING(`�ã�`,1,4)
����������	��������
��������	��������
������	������
����	����
��	��
	
SELECT `�ã�`, SUBSTRING(`�ã�`,1,5) FROM `�ԣ�`;
�ã�	SUBSTRING(`�ã�`,1,5)
����������	����������
��������	��������
������	������
����	����
��	��
	
SELECT `�ã�`, SUBSTRING(`�ã�`,1,6) FROM `�ԣ�`;
�ã�	SUBSTRING(`�ã�`,1,6)
����������	����������
��������	��������
������	������
����	����
��	��
	
SELECT `�ã�`, SUBSTRING(`�ã�` FROM 1 FOR 0) FROM `�ԣ�`;
�ã�	SUBSTRING(`�ã�` FROM 1 FOR 0)
����������	
��������	
������	
����	
��	
	
SELECT `�ã�`, SUBSTRING(`�ã�` FROM 1 FOR 1) FROM `�ԣ�`;
�ã�	SUBSTRING(`�ã�` FROM 1 FOR 1)
����������	��
��������	��
������	��
����	��
��	��
	
SELECT `�ã�`, SUBSTRING(`�ã�` FROM 1 FOR 2) FROM `�ԣ�`;
�ã�	SUBSTRING(`�ã�` FROM 1 FOR 2)
����������	����
��������	����
������	����
����	����
��	��
	
SELECT `�ã�`, SUBSTRING(`�ã�` FROM 1 FOR 3) FROM `�ԣ�`;
�ã�	SUBSTRING(`�ã�` FROM 1 FOR 3)
����������	������
��������	������
������	������
����	����
��	��
	
SELECT `�ã�`, SUBSTRING(`�ã�` FROM 1 FOR 4) FROM `�ԣ�`;
�ã�	SUBSTRING(`�ã�` FROM 1 FOR 4)
����������	��������
��������	��������
������	������
����	����
��	��
	
SELECT `�ã�`, SUBSTRING(`�ã�` FROM 1 FOR 5) FROM `�ԣ�`;
�ã�	SUBSTRING(`�ã�` FROM 1 FOR 5)
����������	����������
��������	��������
������	������
����	����
��	��
	
SELECT `�ã�`, SUBSTRING(`�ã�` FROM 1 FOR 6) FROM `�ԣ�`;
�ã�	SUBSTRING(`�ã�` FROM 1 FOR 6)
����������	����������
��������	��������
������	������
����	����
��	��
	
SELECT `�ã�`, SUBSTRING(`�ã�`,1,0) FROM `�ԣ�`;
�ã�	SUBSTRING(`�ã�`,1,0)
��܏�ݏ�ޏ�ߏ��	
��܏�ݏ�ޏ��	
��܏�ݏ��	
��܏��	
���	
	
SELECT `�ã�`, SUBSTRING(`�ã�`,1,1) FROM `�ԣ�`;
�ã�	SUBSTRING(`�ã�`,1,1)
��܏�ݏ�ޏ�ߏ��	���
��܏�ݏ�ޏ��	���
��܏�ݏ��	���
��܏��	���
���	���
	
SELECT `�ã�`, SUBSTRING(`�ã�`,1,2) FROM `�ԣ�`;
�ã�	SUBSTRING(`�ã�`,1,2)
��܏�ݏ�ޏ�ߏ��	��܏��
��܏�ݏ�ޏ��	��܏��
��܏�ݏ��	��܏��
��܏��	��܏��
���	���
	
SELECT `�ã�`, SUBSTRING(`�ã�`,1,3) FROM `�ԣ�`;
�ã�	SUBSTRING(`�ã�`,1,3)
��܏�ݏ�ޏ�ߏ��	��܏�ݏ��
��܏�ݏ�ޏ��	��܏�ݏ��
��܏�ݏ��	��܏�ݏ��
��܏��	��܏��
���	���
	
SELECT `�ã�`, SUBSTRING(`�ã�`,1,4) FROM `�ԣ�`;
�ã�	SUBSTRING(`�ã�`,1,4)
��܏�ݏ�ޏ�ߏ��	��܏�ݏ�ޏ��
��܏�ݏ�ޏ��	��܏�ݏ�ޏ��
��܏�ݏ��	��܏�ݏ��
��܏��	��܏��
���	���
	
SELECT `�ã�`, SUBSTRING(`�ã�`,1,5) FROM `�ԣ�`;
�ã�	SUBSTRING(`�ã�`,1,5)
��܏�ݏ�ޏ�ߏ��	��܏�ݏ�ޏ�ߏ��
��܏�ݏ�ޏ��	��܏�ݏ�ޏ��
��܏�ݏ��	��܏�ݏ��
��܏��	��܏��
���	���
	
SELECT `�ã�`, SUBSTRING(`�ã�`,1,6) FROM `�ԣ�`;
�ã�	SUBSTRING(`�ã�`,1,6)
��܏�ݏ�ޏ�ߏ��	��܏�ݏ�ޏ�ߏ��
��܏�ݏ�ޏ��	��܏�ݏ�ޏ��
��܏�ݏ��	��܏�ݏ��
��܏��	��܏��
���	���
	
SELECT `�ã�`, SUBSTRING(`�ã�` FROM 1 FOR 0) FROM `�ԣ�`;
�ã�	SUBSTRING(`�ã�` FROM 1 FOR 0)
��܏�ݏ�ޏ�ߏ��	
��܏�ݏ�ޏ��	
��܏�ݏ��	
��܏��	
���	
	
SELECT `�ã�`, SUBSTRING(`�ã�` FROM 1 FOR 1) FROM `�ԣ�`;
�ã�	SUBSTRING(`�ã�` FROM 1 FOR 1)
��܏�ݏ�ޏ�ߏ��	���
��܏�ݏ�ޏ��	���
��܏�ݏ��	���
��܏��	���
���	���
	
SELECT `�ã�`, SUBSTRING(`�ã�` FROM 1 FOR 2) FROM `�ԣ�`;
�ã�	SUBSTRING(`�ã�` FROM 1 FOR 2)
��܏�ݏ�ޏ�ߏ��	��܏��
��܏�ݏ�ޏ��	��܏��
��܏�ݏ��	��܏��
��܏��	��܏��
���	���
	
SELECT `�ã�`, SUBSTRING(`�ã�` FROM 1 FOR 3) FROM `�ԣ�`;
�ã�	SUBSTRING(`�ã�` FROM 1 FOR 3)
��܏�ݏ�ޏ�ߏ��	��܏�ݏ��
��܏�ݏ�ޏ��	��܏�ݏ��
��܏�ݏ��	��܏�ݏ��
��܏��	��܏��
���	���
	
SELECT `�ã�`, SUBSTRING(`�ã�` FROM 1 FOR 4) FROM `�ԣ�`;
�ã�	SUBSTRING(`�ã�` FROM 1 FOR 4)
��܏�ݏ�ޏ�ߏ��	��܏�ݏ�ޏ��
��܏�ݏ�ޏ��	��܏�ݏ�ޏ��
��܏�ݏ��	��܏�ݏ��
��܏��	��܏��
���	���
	
SELECT `�ã�`, SUBSTRING(`�ã�` FROM 1 FOR 5) FROM `�ԣ�`;
�ã�	SUBSTRING(`�ã�` FROM 1 FOR 5)
��܏�ݏ�ޏ�ߏ��	��܏�ݏ�ޏ�ߏ��
��܏�ݏ�ޏ��	��܏�ݏ�ޏ��
��܏�ݏ��	��܏�ݏ��
��܏��	��܏��
���	���
	
SELECT `�ã�`, SUBSTRING(`�ã�` FROM 1 FOR 6) FROM `�ԣ�`;
�ã�	SUBSTRING(`�ã�` FROM 1 FOR 6)
��܏�ݏ�ޏ�ߏ��	��܏�ݏ�ޏ�ߏ��
��܏�ݏ�ޏ��	��܏�ݏ�ޏ��
��܏�ݏ��	��܏�ݏ��
��܏��	��܏��
���	���
	
DROP TABLE `�ԣ�`;
DROP TABLE `�ԣ�`;
DROP TABLE `�ԣ�`;
DROP TABLE `�ԣ�`;
DROP TABLE `�ԣ�`;
DROP TABLE `�ԣ�`;
DROP TABLE `�ԣ�`;
DROP TABLE `�ԣ�`;
DROP TABLE `�ԣ�`;
