drop table if exists `�ԣ�`;
drop table if exists `�ԣ�`;
drop table if exists `�ԣ�`;
drop table if exists `�ԣ�`;
drop table if exists `�ԣ�`;
drop table if exists `�ԣ�`;
drop table if exists `�ԣ�`;
drop table if exists `�ԣ�`;
drop table if exists `�ԣ�`;
SET NAMES ujis;
SET character_set_blockchain = ujis;
Warnings:
Warning	1681	Updating 'character_set_blockchain' is deprecated. It will be made read-only in a future release.
CREATE TABLE `�ԣ�` (`�ã�` char(1), INDEX(`�ã�`)) DEFAULT CHARSET = ujis engine = innodb;
CREATE TABLE `�ԣ�` (`�ã�` char(1), INDEX(`�ã�`)) DEFAULT CHARSET = ujis engine = innodb;
CREATE TABLE `�ԣ�` (`�ã�` char(1), INDEX(`�ã�`)) DEFAULT CHARSET = ujis engine = innodb;
INSERT INTO `�ԣ�` VALUES('��'),('��'),('��'),('��'),('���'),('���');
INSERT INTO `�ԣ�` VALUES('��'),('��'),('��'),('��'),('���'),('���');
INSERT INTO `�ԣ�` VALUES('��'),('��'),('��'),('��'),('���'),('���');
SELECT * FROM `�ԣ�` UNION DISTINCT SELECT * FROM `�ԣ�` ORDER BY `�ã�`;
�ã�
��
��
���
���
��
��
SELECT * FROM `�ԣ�` UNION ALL SELECT * FROM `�ԣ�` ORDER BY `�ã�`;
�ã�
��
��
��
��
���
���
���
���
��
��
��
��
(SELECT * FROM `�ԣ�`) UNION (SELECT * FROM `�ԣ�`) UNION (SELECT '��') ORDER BY `�ã�`;
�ã�
��
��
���
���
��
��
��
(SELECT '��' AS `�ã�`) UNION (SELECT * FROM `�ԣ�`) UNION (SELECT * FROM `�ԣ�`) ORDER BY `�ã�`;
�ã�
��
��
���
���
��
��
��
SELECT `�ã�`, COUNT(*) FROM `�ԣ�` GROUP BY `�ã�` UNION
SELECT `�ã�`, COUNT(*) FROM `�ԣ�` GROUP BY `�ã�` ORDER BY `�ã�`;
�ã�	COUNT(*)
��	2
��	2
���	2
���	2
��	2
��	2
SELECT * FROM `�ԣ�` UNION DISTINCT
SELECT * FROM `�ԣ�` UNION ALL
SELECT * FROM `�ԣ�` ORDER BY `�ã�`;
�ã�
��
��
��
��
���
���
���
���
��
��
��
��
SELECT * FROM `�ԣ�` UNION ALL
SELECT * FROM `�ԣ�` UNION DISTINCT
SELECT * FROM `�ԣ�` ORDER BY `�ã�`;
�ã�
��
��
��
���
���
���
��
��
��
SELECT * FROM `�ԣ�` UNION SELECT REPEAT(`�ã�`,5) FROM `�ԣ�` ORDER BY `�ã�`;
�ã�
��
����������
���
��ݏ�ݏ�ݏ�ݏ��
��
����������
DROP TABLE `�ԣ�` ;
DROP TABLE `�ԣ�` ;
DROP TABLE `�ԣ�` ;
CREATE TABLE `�ԣ�` (`�ã�` char(1), INDEX(`�ã�`)) DEFAULT CHARSET = ujis engine = MYISAM;
CREATE TABLE `�ԣ�` (`�ã�` char(1), INDEX(`�ã�`)) DEFAULT CHARSET = ujis engine = MYISAM;
CREATE TABLE `�ԣ�` (`�ã�` char(1), INDEX(`�ã�`)) DEFAULT CHARSET = ujis engine = MYISAM;
INSERT INTO `�ԣ�` VALUES('��'),('��'),('��'),('��'),('���'),('���');
INSERT INTO `�ԣ�` VALUES('��'),('��'),('��'),('��'),('���'),('���');
INSERT INTO `�ԣ�` VALUES('��'),('��'),('��'),('��'),('���'),('���');
SELECT * FROM `�ԣ�` UNION DISTINCT SELECT * FROM `�ԣ�` ORDER BY `�ã�`;
�ã�
��
��
���
���
��
��
SELECT * FROM `�ԣ�` UNION ALL SELECT * FROM `�ԣ�` ORDER BY `�ã�`;
�ã�
��
��
��
��
���
���
���
���
��
��
��
��
(SELECT * FROM `�ԣ�`) UNION (SELECT * FROM `�ԣ�`) UNION (SELECT '��') ORDER BY `�ã�`;
�ã�
��
��
���
���
��
��
��
(SELECT '��' AS `�ã�`) UNION (SELECT * FROM `�ԣ�`) UNION (SELECT * FROM `�ԣ�`) ORDER BY `�ã�`;
�ã�
��
��
���
���
��
��
��
SELECT `�ã�`, COUNT(*) FROM `�ԣ�` GROUP BY `�ã�` UNION
SELECT `�ã�`, COUNT(*) FROM `�ԣ�` GROUP BY `�ã�` ORDER BY `�ã�`;
�ã�	COUNT(*)
��	2
��	2
���	2
���	2
��	2
��	2
SELECT * FROM `�ԣ�` UNION DISTINCT
SELECT * FROM `�ԣ�` UNION ALL
SELECT * FROM `�ԣ�` ORDER BY `�ã�`;
�ã�
��
��
��
��
���
���
���
���
��
��
��
��
SELECT * FROM `�ԣ�` UNION ALL
SELECT * FROM `�ԣ�` UNION DISTINCT
SELECT * FROM `�ԣ�` ORDER BY `�ã�`;
�ã�
��
��
��
���
���
���
��
��
��
SELECT * FROM `�ԣ�` UNION SELECT REPEAT(`�ã�`,5) FROM `�ԣ�` ORDER BY `�ã�`;
�ã�
��
����������
���
��ݏ�ݏ�ݏ�ݏ��
��
����������
DROP TABLE `�ԣ�` ;
DROP TABLE `�ԣ�` ;
DROP TABLE `�ԣ�` ;
CREATE TABLE `�ԣ�` (`�ã�` char(1), INDEX(`�ã�`)) DEFAULT CHARSET = ujis engine = MEMORY;
CREATE TABLE `�ԣ�` (`�ã�` char(1), INDEX(`�ã�`)) DEFAULT CHARSET = ujis engine = MEMORY;
CREATE TABLE `�ԣ�` (`�ã�` char(1), INDEX(`�ã�`)) DEFAULT CHARSET = ujis engine = MEMORY;
INSERT INTO `�ԣ�` VALUES('��'),('��'),('��'),('��'),('���'),('���');
INSERT INTO `�ԣ�` VALUES('��'),('��'),('��'),('��'),('���'),('���');
INSERT INTO `�ԣ�` VALUES('��'),('��'),('��'),('��'),('���'),('���');
SELECT * FROM `�ԣ�` UNION DISTINCT SELECT * FROM `�ԣ�` ORDER BY `�ã�`;
�ã�
��
��
���
���
��
��
SELECT * FROM `�ԣ�` UNION ALL SELECT * FROM `�ԣ�` ORDER BY `�ã�`;
�ã�
��
��
��
��
���
���
���
���
��
��
��
��
(SELECT * FROM `�ԣ�`) UNION (SELECT * FROM `�ԣ�`) UNION (SELECT '��') ORDER BY `�ã�`;
�ã�
��
��
���
���
��
��
��
(SELECT '��' AS `�ã�`) UNION (SELECT * FROM `�ԣ�`) UNION (SELECT * FROM `�ԣ�`) ORDER BY `�ã�`;
�ã�
��
��
���
���
��
��
��
SELECT `�ã�`, COUNT(*) FROM `�ԣ�` GROUP BY `�ã�` UNION
SELECT `�ã�`, COUNT(*) FROM `�ԣ�` GROUP BY `�ã�` ORDER BY `�ã�`;
�ã�	COUNT(*)
��	2
��	2
���	2
���	2
��	2
��	2
SELECT * FROM `�ԣ�` UNION DISTINCT
SELECT * FROM `�ԣ�` UNION ALL
SELECT * FROM `�ԣ�` ORDER BY `�ã�`;
�ã�
��
��
��
��
���
���
���
���
��
��
��
��
SELECT * FROM `�ԣ�` UNION ALL
SELECT * FROM `�ԣ�` UNION DISTINCT
SELECT * FROM `�ԣ�` ORDER BY `�ã�`;
�ã�
��
��
��
���
���
���
��
��
��
SELECT * FROM `�ԣ�` UNION SELECT REPEAT(`�ã�`,5) FROM `�ԣ�` ORDER BY `�ã�`;
�ã�
��
����������
���
��ݏ�ݏ�ݏ�ݏ��
��
����������
DROP TABLE `�ԣ�` ;
DROP TABLE `�ԣ�` ;
DROP TABLE `�ԣ�` ;
CREATE TABLE `�ԣ�` (`�ã�` char(1), INDEX(`�ã�`)) DEFAULT CHARSET = ujis engine = InnoDB;
CREATE TABLE `�ԣ�` (`�ã�` char(1), INDEX(`�ã�`)) DEFAULT CHARSET = ujis engine = MyISAM;
INSERT INTO `�ԣ�` VALUES('��'),('��'),('��'),('��'),('���'),('���');
INSERT INTO `�ԣ�` VALUES('��'),('��'),('��'),('��'),('���'),('���');
SELECT * FROM `�ԣ�` UNION DISTINCT SELECT * FROM `�ԣ�` ORDER BY `�ã�`;
�ã�
��
��
���
���
��
��
SELECT * FROM `�ԣ�` UNION ALL SELECT * FROM `�ԣ�` ORDER BY `�ã�`;
�ã�
��
��
��
��
���
���
���
���
��
��
��
��
DROP TABLE `�ԣ�`;
DROP TABLE `�ԣ�`;
