drop table if exists `�ԣ�`;
drop table if exists `�ԣ�`;
drop table if exists `�ԣ�`;
drop table if exists `�ԣ�`;
drop table if exists `�ԣ�`;
drop table if exists `�ԣ�`;
drop table if exists `�ԣ�`;
drop table if exists `�ԣ�`;
drop table if exists `�ԣ�`;
SET NAMES ujis;
SET character_set_blockchain = ucs2;
Warnings:
Warning	1681	Updating 'character_set_blockchain' is deprecated. It will be made read-only in a future release.
SET collation_connection = ucs2_general_ci;
CREATE TABLE `�ԣ�` (`�ã�` char(5), INDEX(`�ã�`)) DEFAULT CHARSET = ucs2 engine = innodb;
CREATE TABLE `�ԣ�` (`�ã�` char(5), INDEX(`�ã�`)) DEFAULT CHARSET = ucs2 engine = innodb;
CREATE TABLE `�ԣ�` (`�ã�` char(5), INDEX(`�ã�`)) DEFAULT CHARSET = ucs2 engine = innodb;
CREATE TABLE `�ԣ�` (`�ã�` char(5), INDEX(`�ã�`)) DEFAULT CHARSET = ucs2 engine = myisam;
CREATE TABLE `�ԣ�` (`�ã�` char(5), INDEX(`�ã�`)) DEFAULT CHARSET = ucs2 engine = myisam;
CREATE TABLE `�ԣ�` (`�ã�` char(5), INDEX(`�ã�`)) DEFAULT CHARSET = ucs2 engine = myisam;
CREATE TABLE `�ԣ�` (`�ã�` char(5), INDEX(`�ã�`)) DEFAULT CHARSET = ucs2 engine = MEMORY;
CREATE TABLE `�ԣ�` (`�ã�` char(5), INDEX(`�ã�`)) DEFAULT CHARSET = ucs2 engine = MEMORY;
CREATE TABLE `�ԣ�` (`�ã�` char(5), INDEX(`�ã�`)) DEFAULT CHARSET = ucs2 engine = MEMORY;
INSERT INTO `�ԣ�` VALUES ('����������');
INSERT INTO `�ԣ�` VALUES ('����������');
INSERT INTO `�ԣ�` VALUES ('��܏�ݏ�ޏ�ߏ��');
INSERT INTO `�ԣ�` VALUES ('����������');
INSERT INTO `�ԣ�` VALUES ('����������');
INSERT INTO `�ԣ�` VALUES ('��܏�ݏ�ޏ�ߏ��');
INSERT INTO `�ԣ�` VALUES ('����������');
INSERT INTO `�ԣ�` VALUES ('����������');
INSERT INTO `�ԣ�` VALUES ('��܏�ݏ�ޏ�ߏ��');
UPDATE `�ԣ�` SET `�ã�` = ('����������');
UPDATE `�ԣ�` SET `�ã�` = ('����������');
UPDATE `�ԣ�` SET `�ã�` = ('��ȏ�ɏ�ʏ�ˏ��');
UPDATE `�ԣ�` SET `�ã�` = ('����������');
UPDATE `�ԣ�` SET `�ã�` = ('����������');
UPDATE `�ԣ�` SET `�ã�` = ('��ȏ�ɏ�ʏ�ˏ��');
UPDATE `�ԣ�` SET `�ã�` = ('����������');
UPDATE `�ԣ�` SET `�ã�` = ('����������');
UPDATE `�ԣ�` SET `�ã�` = ('��ȏ�ɏ�ʏ�ˏ��');
SELECT * FROM `�ԣ�`;
�ã�
����������
SELECT * FROM `�ԣ�`;
�ã�
����������
SELECT * FROM `�ԣ�`;
�ã�
��ȏ�ɏ�ʏ�ˏ��
SELECT * FROM `�ԣ�`;
�ã�
����������
SELECT * FROM `�ԣ�`;
�ã�
����������
SELECT * FROM `�ԣ�`;
�ã�
��ȏ�ɏ�ʏ�ˏ��
SELECT * FROM `�ԣ�`;
�ã�
����������
SELECT * FROM `�ԣ�`;
�ã�
����������
SELECT * FROM `�ԣ�`;
�ã�
��ȏ�ɏ�ʏ�ˏ��
DROP TABLE `�ԣ�`;
DROP TABLE `�ԣ�`;
DROP TABLE `�ԣ�`;
DROP TABLE `�ԣ�`;
DROP TABLE `�ԣ�`;
DROP TABLE `�ԣ�`;
DROP TABLE `�ԣ�`;
DROP TABLE `�ԣ�`;
DROP TABLE `�ԣ�`;
