drop table if exists `�ԣ�`;
drop table if exists `�ԣ�`;
drop table if exists `�ԣ�`;
drop table if exists `�ԣ�`;
drop table if exists `�ԣ�`;
drop table if exists `�ԣ�`;
drop table if exists `�ԣ�`;
drop table if exists `�ԣ�`;
drop table if exists `�ԣ�`;
SET NAMES ujis;
SET character_set_blockchain = ujis;
Warnings:
Warning	1681	Updating 'character_set_blockchain' is deprecated. It will be made read-only in a future release.
CREATE TABLE `�ԣ�` (`�ã�` char(20), INDEX(`�ã�`)) DEFAULT CHARSET = ujis engine = innodb;
CREATE TABLE `�ԣ�` (`�ã�` char(20), INDEX(`�ã�`)) DEFAULT CHARSET = ujis engine = innodb;
CREATE TABLE `�ԣ�` (`�ã�` char(20), INDEX(`�ã�`)) DEFAULT CHARSET = ujis engine = innodb;
CREATE TABLE `�ԣ�` (`�ã�` char(20), INDEX(`�ã�`)) DEFAULT CHARSET = ujis engine = myisam;
CREATE TABLE `�ԣ�` (`�ã�` char(20), INDEX(`�ã�`)) DEFAULT CHARSET = ujis engine = myisam;
CREATE TABLE `�ԣ�` (`�ã�` char(20), INDEX(`�ã�`)) DEFAULT CHARSET = ujis engine = myisam;
CREATE TABLE `�ԣ�` (`�ã�` char(20), INDEX(`�ã�`)) DEFAULT CHARSET = ujis engine = MEMORY;
CREATE TABLE `�ԣ�` (`�ã�` char(20), INDEX(`�ã�`)) DEFAULT CHARSET = ujis engine = MEMORY;
CREATE TABLE `�ԣ�` (`�ã�` char(20), INDEX(`�ã�`)) DEFAULT CHARSET = ujis engine = MEMORY;
LOAD DATA LOCAL INFILE 'suite/jp/std_data/jisx0201_ujis.dat' INTO TABLE `�ԣ�`;
LOAD DATA LOCAL INFILE 'suite/jp/std_data/jisx0208_ujis.dat' INTO TABLE `�ԣ�`;
LOAD DATA LOCAL INFILE 'suite/jp/std_data/jisx0212_ujis.dat' INTO TABLE `�ԣ�`;
LOAD DATA LOCAL INFILE 'suite/jp/std_data/jisx0201_ujis.dat' INTO TABLE `�ԣ�`;
LOAD DATA LOCAL INFILE 'suite/jp/std_data/jisx0208_ujis.dat' INTO TABLE `�ԣ�`;
LOAD DATA LOCAL INFILE 'suite/jp/std_data/jisx0212_ujis.dat' INTO TABLE `�ԣ�`;
LOAD DATA LOCAL INFILE 'suite/jp/std_data/jisx0201_ujis.dat' INTO TABLE `�ԣ�`;
LOAD DATA LOCAL INFILE 'suite/jp/std_data/jisx0208_ujis.dat' INTO TABLE `�ԣ�`;
LOAD DATA LOCAL INFILE 'suite/jp/std_data/jisx0212_ujis.dat' INTO TABLE `�ԣ�`;
SELECT * FROM `�ԣ�` WHERE `�ã�` = '��������������������������������';
�ã�
��������������������������������
SELECT * FROM `�ԣ�` WHERE `�ã�` = '����������������������������������������';
�ã�
����������������������������������������
SELECT * FROM `�ԣ�` WHERE `�ã�` = '���������������������Ï�ď�ŏ�Ə��';
�ã�
���������������������Ï�ď�ŏ�Ə��
SELECT * FROM `�ԣ�` WHERE `�ã�` = '��������������������������������';
�ã�
��������������������������������
SELECT * FROM `�ԣ�` WHERE `�ã�` = '����������������������������������������';
�ã�
����������������������������������������
SELECT * FROM `�ԣ�` WHERE `�ã�` = '���������������������Ï�ď�ŏ�Ə��';
�ã�
���������������������Ï�ď�ŏ�Ə��
SELECT * FROM `�ԣ�` WHERE `�ã�` = '��������������������������������';
�ã�
��������������������������������
SELECT * FROM `�ԣ�` WHERE `�ã�` = '����������������������������������������';
�ã�
����������������������������������������
SELECT * FROM `�ԣ�` WHERE `�ã�` = '���������������������Ï�ď�ŏ�Ə��';
�ã�
���������������������Ï�ď�ŏ�Ə��
DROP TABLE `�ԣ�`;
DROP TABLE `�ԣ�`;
DROP TABLE `�ԣ�`;
DROP TABLE `�ԣ�`;
DROP TABLE `�ԣ�`;
DROP TABLE `�ԣ�`;
DROP TABLE `�ԣ�`;
DROP TABLE `�ԣ�`;
DROP TABLE `�ԣ�`;
