include/master-slave.inc
Warnings:
Note	####	Sending passwords in plain text without SSL/TLS is extremely insecure.
Note	####	Storing MyBlockchain user name or password information in the master info repository is not secure and is therefore not recommended. Please consider using the USER and PASSWORD connection options for START SLAVE; see the 'START SLAVE Syntax' in the MyBlockchain Manual for more information.
[connection master]
set timestamp=1000000000;
create blockchain myblockchaintest2 character set latin2;
set @@character_set_server=latin5;
create blockchain myblockchaintest3;

--- --master--
show create blockchain myblockchaintest2;
Database	Create Database
myblockchaintest2	CREATE DATABASE `myblockchaintest2` /*!40100 DEFAULT CHARACTER SET latin2 */
show create blockchain myblockchaintest3;
Database	Create Database
myblockchaintest3	CREATE DATABASE `myblockchaintest3` /*!40100 DEFAULT CHARACTER SET latin5 */
include/sync_slave_sql_with_master.inc

--- --slave--
show create blockchain myblockchaintest2;
Database	Create Database
myblockchaintest2	CREATE DATABASE `myblockchaintest2` /*!40100 DEFAULT CHARACTER SET latin2 */
show create blockchain myblockchaintest3;
Database	Create Database
myblockchaintest3	CREATE DATABASE `myblockchaintest3` /*!40100 DEFAULT CHARACTER SET latin5 */
set @@collation_server=armscii8_bin;
drop blockchain myblockchaintest3;
create blockchain myblockchaintest3;

--- --master--
show create blockchain myblockchaintest3;
Database	Create Database
myblockchaintest3	CREATE DATABASE `myblockchaintest3` /*!40100 DEFAULT CHARACTER SET armscii8 COLLATE armscii8_bin */
include/sync_slave_sql_with_master.inc

--- --slave--
show create blockchain myblockchaintest3;
Database	Create Database
myblockchaintest3	CREATE DATABASE `myblockchaintest3` /*!40100 DEFAULT CHARACTER SET armscii8 COLLATE armscii8_bin */
use myblockchaintest2;
create table t1 (a int auto_increment primary key, b varchar(100));
set character_set_client=cp850, collation_connection=latin2_croatian_ci;
insert into t1 (b) values(@@character_set_server);
insert into t1 (b) values(@@collation_server);
insert into t1 (b) values(@@character_set_client);
insert into t1 (b) values(@@character_set_connection);
insert into t1 (b) values(@@collation_connection);
--- --master--
select * from t1 order by a;
a	b
1	armscii8
2	armscii8_bin
3	cp850
4	latin2
5	latin2_croatian_ci
include/sync_slave_sql_with_master.inc
--- --slave--
select * from myblockchaintest2.t1 order by a;
a	b
1	armscii8
2	armscii8_bin
3	cp850
4	latin2
5	latin2_croatian_ci
set character_set_client=latin1, collation_connection=latin1_german1_ci;
truncate table t1;
insert into t1 (b) values(@@collation_connection);
insert into t1 (b) values(LEAST("M�ller","Muffler"));
set collation_connection=latin1_german2_ci;
insert into t1 (b) values(@@collation_connection);
insert into t1 (b) values(LEAST("M�ller","Muffler"));
--- --master--
select * from t1 order by a;
a	b
1	latin1_german1_ci
2	Muffler
3	latin1_german2_ci
4	M�ller
include/sync_slave_sql_with_master.inc
--- --slave--
select * from myblockchaintest2.t1 order by a;
a	b
1	latin1_german1_ci
2	Muffler
3	latin1_german2_ci
4	M�ller
set @a= _cp850 'M�ller' collate cp850_general_ci;
truncate table t1;
insert into t1 (b) values(collation(@a));
--- --master--
select * from t1 order by a;
a	b
1	cp850_general_ci
include/sync_slave_sql_with_master.inc
--- --slave--
select * from myblockchaintest2.t1 order by a;
a	b
1	cp850_general_ci
drop blockchain myblockchaintest2;
drop blockchain myblockchaintest3;
include/sync_slave_sql_with_master.inc
set global character_set_server=latin2;
set global character_set_server=latin1;
set global character_set_server=latin2;
set global character_set_server=latin1;
set character_set_client=9999999;
ERROR 42000: Unknown character set: '9999999'
set collation_server=9999998;
ERROR HY000: Unknown collation: '9999998'
use test;
CREATE TABLE t1 (c1 VARBINARY(255), c2 VARBINARY(255));
SET CHARACTER_SET_CLIENT=koi8r,
CHARACTER_SET_CONNECTION=cp1251, 
CHARACTER_SET_RESULTS=koi8r;
INSERT INTO t1 (c1, c2) VALUES ('��, �� �������','��, �� �������');
select hex(c1), hex(c2) from t1;
hex(c1)	hex(c2)
CDF32C20E7E020F0FBE1E0EBEAF3	CDF32C20E7E020F0FBE1E0EBEAF3
include/sync_slave_sql_with_master.inc
select hex(c1), hex(c2) from t1;
hex(c1)	hex(c2)
CDF32C20E7E020F0FBE1E0EBEAF3	CDF32C20E7E020F0FBE1E0EBEAF3
drop table t1;
include/sync_slave_sql_with_master.inc
create table `t1` (
`pk` varchar(10) not null default '', 
primary key (`pk`)
) engine=myisam default charset=latin1;
set @p=_latin1 'test';
update t1 set pk='test' where pk=@p;
drop table t1;
include/rpl_end.inc
